Workbook

Sheet Checklist
A1: CIBERPROTECCIÓN PARA PyMES · Capítulo 14 — Disposición Final
A2: Revocación de Accesos y Desvinculación de Cuentas del Dispositivo
A3: DATOS DEL DISPOSITIVO DADO DE BAJA
A4: ID del activo | D4: Tipo de dispositivo
A5: Número de serie | D5: Usuario asignado
A6: Motivo de la baja | D6: Situación del usuario
A7: Responsable de TI | D7: Fecha de inicio
A9: Bloque | B9: N° | C9: Tarea de desvinculación | D9: Aplica a | E9: Estado | F9: Responsable | G9: Fecha | H9: Evidencia / Observaciones
A10: PREPARACIÓN | B10: 1 | C10: Identificar en el inventario de activos todos los sistemas, servicios y plataformas a los que estuvo conectado el dispositivo durante su vida útil. | D10: Todos | E10: Pendiente
B11: 2 | C11: Confirmar que la información necesaria del dispositivo fue respaldada o migrada antes de iniciar la desvinculación. | D11: Todos | E11: Pendiente
B12: 3 | C12: Registrar las claves de recuperación de cifrado de disco (BitLocker, FileVault) y conservarlas hasta recibir el certificado de borrado o destrucción. | D12: Equipos de cómputo | E12: Pendiente
A13: IDENTIDAD Y DIRECTORIO | B13: 4 | C13: Deshabilitar el objeto del dispositivo en el directorio corporativo (Active Directory, Microsoft Entra ID, Google Workspace). | D13: Todos | E13: Pendiente
B14: 5 | C14: Retirar el dispositivo de los grupos de seguridad y de las políticas de acceso condicional que lo referencian. | D14: Todos | E14: Pendiente
B15: 6 | C15: Si el usuario se retira de la organización, deshabilitar su cuenta conforme al proceso de baja de personal. Si continúa, no deshabilitar la cuenta: revocar únicamente los accesos vinculados al dispositivo. | D15: Todos | E15: Pendiente
B16: 7 | C16: Eliminar las credenciales de cuentas de servicio o cuentas locales privilegiadas almacenadas en el dispositivo y rotar las contraseñas compartidas que se hayan usado en él. | D16: Todos | E16: Pendiente
A17: CERTIFICADOS Y AUTENTICACIÓN | B17: 8 | C17: Revocar en la autoridad certificadora los certificados digitales emitidos al dispositivo (autenticación de red, VPN, firma). | D17: Todos | E17: Pendiente
B18: 9 | C18: Eliminar los métodos de MFA registrados en el dispositivo (aplicación autenticadora, llaves de acceso o passkeys, notificaciones push) y confirmar que el usuario dispone de un método alternativo. | D18: Todos | E18: Pendiente
B19: 10 | C19: Revocar los tokens de actualización y las sesiones persistentes emitidas al dispositivo en el proveedor de identidad. | D19: Todos | E19: Pendiente
A20: SESIONES Y APLICACIONES | B20: 11 | C20: Cerrar las sesiones activas del dispositivo en el correo corporativo y retirar el dispositivo de la lista de equipos sincronizados. | D20: Todos | E20: Pendiente
B21: 12 | C21: Revocar el perfil o la configuración de VPN asociada al dispositivo. | D21: Todos | E21: Pendiente
B22: 13 | C22: Cerrar las sesiones en herramientas de colaboración (mensajería, videoconferencia, almacenamiento en la nube) desde la consola de administración. | D22: Todos | E22: Pendiente
B23: 14 | C23: Desvincular el dispositivo del gestor de contraseñas corporativo y revocar su autorización. | D23: Todos | E23: Pendiente
B24: 15 | C24: Liberar las licencias de software asignadas al dispositivo. | D24: Todos | E24: Pendiente
A25: GESTIÓN Y MONITOREO | B25: 16 | C25: Retirar el dispositivo de la plataforma de gestión remota (UEM/MDM) una vez aplicado el borrado remoto, si corresponde. | D25: Todos | E25: Pendiente
B26: 17 | C26: Eliminar el registro del dispositivo en los servicios de aprovisionamiento automático (Windows Autopilot, Apple Business Manager, Android Zero-Touch) para impedir su reinscripción en la organización. | D26: Todos | E26: Pendiente
B27: 18 | C27: Desactivar el bloqueo de activación del fabricante (Buscar mi iPhone, protección contra restablecimiento de fábrica de Google) para que el dispositivo pueda ser borrado y reutilizado por el proveedor. | D27: Móviles | E27: Pendiente
B28: 19 | C28: Desinstalar o dar de baja el agente de EDR/antivirus y retirar el equipo de la consola de administración. | D28: Equipos de cómputo | E28: Pendiente
B29: 20 | C29: Retirar el dispositivo de las herramientas de monitoreo, respaldo y gestión de parches. | D29: Todos | E29: Pendiente
A30: RED | B30: 21 | C30: Eliminar la dirección MAC del dispositivo de las listas de control de acceso a la red, reservas DHCP y del control de acceso a la red (NAC). | D30: Todos | E30: Pendiente
B31: 22 | C31: Si el dispositivo conocía la clave de una red inalámbrica compartida (PSK), evaluar su rotación. | D31: Todos | E31: Pendiente
A32: VERIFICACIÓN Y CIERRE | B32: 23 | C32: Verificar en los registros del proveedor de identidad que no existen inicios de sesión ni solicitudes desde el dispositivo después de la desvinculación. | D32: Todos | E32: Pendiente
B33: 24 | C33: Actualizar el estado del activo en el inventario a «Desvinculado — pendiente de borrado/destrucción». | D33: Todos | E33: Pendiente
B34: 25 | C34: Obtener la firma del responsable de TI que autoriza el paso a la etapa de borrado o destrucción. | D34: Todos | E34: Pendiente
A36: RESULTADO
A37: Tareas completadas | D37: =COUNTIF($E$10:$E$34,"Completado") -> 0
A38: Tareas pendientes o en proceso | D38: =COUNTIF($E$10:$E$34,"Pendiente")+COUNTIF($E$10:$E$34,"En proceso") -> 25
A39: Tareas no aplicables | D39: =COUNTIF($E$10:$E$34,"No aplica") -> 0
A40: Avance | D40: =IFERROR(COUNTIF($E$10:$E$34,"Completado")/(ROWS($E$10:$E$34)-COUNTIF($E$10:$E$34,"No aplica")),0) -> 0
A41: DICTAMEN | D41: =IF(D38>0,"NO LISTO — existen accesos sin revocar","LISTO PARA BORRADO O DESTRUCCIÓN") -> NO LISTO — existen accesos sin revocar
A42: Regla de uso: el dispositivo no pasa a la etapa de borrado o destrucción mientras exista una tarea en estado Pendiente o En proceso. Las tareas que no correspondan al tipo de dispositivo se marcan como No aplica.

Sheet Dashboard
A1: CIBERPROTECCIÓN PARA PyMES · Capítulo 14 — Disposición Final
A2: Dashboard — Estado de la Desvinculación
A3: Bloque | B3: Total tareas | C3: Pendiente | D3: En proceso | E3: Completado | F3: No aplica
A4: PREPARACIÓN | B4: =ROWS(Checklist!E10:E12) -> 3 | C4: =COUNTIF(Checklist!E10:E12,"Pendiente") -> 3 | D4: =COUNTIF(Checklist!E10:E12,"En proceso") -> 0 | E4: =COUNTIF(Checklist!E10:E12,"Completado") -> 0 | F4: =COUNTIF(Checklist!E10:E12,"No aplica") -> 0
A5: IDENTIDAD Y DIRECTORIO | B5: =ROWS(Checklist!E13:E16) -> 4 | C5: =COUNTIF(Checklist!E13:E16,"Pendiente") -> 4 | D5: =COUNTIF(Checklist!E13:E16,"En proceso") -> 0 | E5: =COUNTIF(Checklist!E13:E16,"Completado") -> 0 | F5: =COUNTIF(Checklist!E13:E16,"No aplica") -> 0
A6: CERTIFICADOS Y AUTENTICACIÓN | B6: =ROWS(Checklist!E17:E19) -> 3 | C6: =COUNTIF(Checklist!E17:E19,"Pendiente") -> 3 | D6: =COUNTIF(Checklist!E17:E19,"En proceso") -> 0 | E6: =COUNTIF(Checklist!E17:E19,"Completado") -> 0 | F6: =COUNTIF(Checklist!E17:E19,"No aplica") -> 0
A7: SESIONES Y APLICACIONES | B7: =ROWS(Checklist!E20:E24) -> 5 | C7: =COUNTIF(Checklist!E20:E24,"Pendiente") -> 5 | D7: =COUNTIF(Checklist!E20:E24,"En proceso") -> 0 | E7: =COUNTIF(Checklist!E20:E24,"Completado") -> 0 | F7: =COUNTIF(Checklist!E20:E24,"No aplica") -> 0
A8: GESTIÓN Y MONITOREO | B8: =ROWS(Checklist!E25:E29) -> 5 | C8: =COUNTIF(Checklist!E25:E29,"Pendiente") -> 5 | D8: =COUNTIF(Checklist!E25:E29,"En proceso") -> 0 | E8: =COUNTIF(Checklist!E25:E29,"Completado") -> 0 | F8: =COUNTIF(Checklist!E25:E29,"No aplica") -> 0
A9: RED | B9: =ROWS(Checklist!E30:E31) -> 2 | C9: =COUNTIF(Checklist!E30:E31,"Pendiente") -> 2 | D9: =COUNTIF(Checklist!E30:E31,"En proceso") -> 0 | E9: =COUNTIF(Checklist!E30:E31,"Completado") -> 0 | F9: =COUNTIF(Checklist!E30:E31,"No aplica") -> 0
A10: VERIFICACIÓN Y CIERRE | B10: =ROWS(Checklist!E32:E34) -> 3 | C10: =COUNTIF(Checklist!E32:E34,"Pendiente") -> 3 | D10: =COUNTIF(Checklist!E32:E34,"En proceso") -> 0 | E10: =COUNTIF(Checklist!E32:E34,"Completado") -> 0 | F10: =COUNTIF(Checklist!E32:E34,"No aplica") -> 0
A11: TOTAL GENERAL | B11: =SUM(B4:B10) -> 25 | C11: =SUM(C4:C10) -> 25 | D11: =SUM(D4:D10) -> 0 | E11: =SUM(E4:E10) -> 0 | F11: =SUM(F4:F10) -> 0
A12: Dictamen | C12: =Checklist!D41 -> NO LISTO — existen accesos sin revocar
A14: Nota: cambie el estado de cada tarea en la hoja Checklist. Este dashboard se actualiza automáticamente.

Sheet Instructivo
A1: CIBERPROTECCIÓN PARA PyMES · Capítulo 14 — Disposición Final
A2: Instructivo de Uso de la Plantilla
A3: PROPÓSITO
A4: Campo | B4: Descripción
A5: Objetivo | B5: Asegurar que el dispositivo dado de baja quede desvinculado de todos los sistemas y servicios corporativos antes de ejecutar el borrado o la destrucción física.
A6: Uso | B6: Completar una copia de la hoja Checklist por cada dispositivo. Las celdas de fondo amarillo claro y las columnas Estado, Responsable, Fecha y Evidencia son editables; el resto contiene fórmulas.
A7: CAMPOS
A8: Campo | B8: Descripción
A9: Tipo de dispositivo | B9: Determina qué tareas aplican. Las tareas marcadas «Móviles» o «Equipos de cómputo» se registran como No aplica cuando no corresponden.
A10: Situación del usuario | B10: Define el alcance de la tarea 6: si el usuario continúa en la organización, su cuenta no se deshabilita; solo se revocan los accesos vinculados al dispositivo.
A11: Aplica a | B11: Todos / Móviles / Equipos de cómputo (computadores de escritorio, portátiles y servidores).
A12: Estado | B12: Pendiente / En proceso / Completado / No aplica.
A13: Evidencia / Observaciones | B13: Referencia verificable: captura de la consola, número de revocación del certificado, ticket de la mesa de servicio.
A14: Dictamen | B14: Calculado. Indica LISTO PARA BORRADO O DESTRUCCIÓN solo cuando no quedan tareas en estado Pendiente o En proceso.
A15: CONSIDERACIONES
A16: Campo | B16: Descripción
A17: Claves de recuperación | B17: Las claves de BitLocker o FileVault se conservan hasta recibir el certificado de borrado o destrucción; si el proceso falla, permiten acceder al contenido para repetirlo.
A18: Aprovisionamiento automático | B18: Un dispositivo que permanece registrado en Autopilot, Apple Business Manager o Zero-Touch se reinscribe automáticamente en la organización al restablecerse, incluso en manos de un tercero.
A19: Bloqueo de activación | B19: Si no se desactiva, el proveedor de borrado no podrá reutilizar el equipo y el certificado podría no emitirse.
