Workbook

Sheet KRI
A1: CIBERPROTECCIÓN PARA PyMES · Capítulo 14 — Disposición Final
A2: Indicadores Clave de Riesgo (KRI) — Disposición Final
A3: ID | B3: Indicador | C3: Umbral de alerta | D3: Condición | E3: Límite | F3: Unidad | G3: Frecuencia | H3: Fuente de datos | I3: Acción esperada | J3: Responsable | K3: Última revisión | L3: Valor medido | M3: Estado | N3: Observaciones
A4: KRI-DIS-01 | B4: Dispositivos retirados sin registro formal | C4: ≥ 1 discrepancia entre el inventario de activos, el registro de dispositivos pendientes de baja y el inventario físico de la bodega | D4: ≥ | E4: 1 | F4: discrepancias | G4: Mensual | H4: Inventario de activos · Plantilla 14.3 · Inventario físico de bodega | I4: Localizar el dispositivo, registrarlo y asignarle una clasificación de sensibilidad; si no puede localizarse, escalar a la Función de Respuesta | M4: =IF(L4="","Sin medir",IF(OR(AND(D4="≥",L4>=E4),AND(D4="≤",L4<=E4)),"Alerta","En rango")) -> Sin medir
A5: KRI-DIS-02 | B5: Dispositivos en espera de disposición por tiempo excesivo | C5: ≥ 1 dispositivo de sensibilidad alta con más de 30 días sin proceso iniciado (90 días para sensibilidad media o baja) | D5: ≥ | E5: 1 | F5: dispositivos | G5: Mensual | H5: Plantilla 14.3 (fecha de retiro y estado del proceso) | I5: Programar la disposición; verificar las condiciones de almacenamiento y el control de acceso a la bodega | M5: =IF(L5="","Sin medir",IF(OR(AND(D5="≥",L5>=E5),AND(D5="≤",L5<=E5)),"Alerta","En rango")) -> Sin medir
A6: KRI-DIS-03 | B6: Disposiciones sin certificado | C6: ≥ 1 dispositivo con disposición ejecutada y sin certificado de borrado o destrucción después de 15 días | D6: ≥ | E6: 1 | F6: dispositivos | G6: Mensual | H6: Plantilla 14.3 · Certificados internos y de proveedores | I6: Solicitar el certificado al responsable de ejecución o al proveedor; no cerrar el expediente hasta recibirlo | M6: =IF(L6="","Sin medir",IF(OR(AND(D6="≥",L6>=E6),AND(D6="≤",L6<=E6)),"Alerta","En rango")) -> Sin medir
A7: KRI-DIS-04 | B7: Certificados no verificables o con discrepancias | C7: ≥ 1 certificado cuyo número de serie no coincide con el inventario o cuyo emisor no puede validarse | D7: ≥ | E7: 1 | F7: certificados | G7: Mensual | H7: Certificados de borrado o destrucción · Inventario de activos · Plantilla 14.2 | I7: Suspender las entregas al proveedor; verificar el estado real del dispositivo y escalar a la Función de Respuesta | M7: =IF(L7="","Sin medir",IF(OR(AND(D7="≥",L7>=E7),AND(D7="≤",L7<=E7)),"Alerta","En rango")) -> Sin medir
A8: KRI-DIS-05 | B8: Dispositivos dados de baja con actividad en la red | C8: ≥ 1 dispositivo registrado como dado de baja que aparece conectado a la red o activo en las consolas de gestión | D8: ≥ | E8: 1 | F8: dispositivos | G8: Semanal | H8: Directorio corporativo · Consolas UEM/MDM · NMS cap. 1 | I8: Bloquear el dispositivo en el directorio y en la red; revisar la desvinculación y escalar a la Función de Respuesta | M8: =IF(L8="","Sin medir",IF(OR(AND(D8="≥",L8>=E8),AND(D8="≤",L8<=E8)),"Alerta","En rango")) -> Sin medir
A9: KRI-DIS-06 | B9: Entregas a proveedores no acreditados | C9: ≥ 1 dispositivo entregado a un proveedor sin acreditación vigente | D9: ≥ | E9: 1 | F9: dispositivos | G9: Mensual | H9: Actas de entrega y cadena de custodia · Plantilla 14.2 | I9: Recuperar el dispositivo o exigir evidencia de su estado; actualizar el listado de proveedores autorizados | M9: =IF(L9="","Sin medir",IF(OR(AND(D9="≥",L9>=E9),AND(D9="≤",L9<=E9)),"Alerta","En rango")) -> Sin medir
A10: KRI-DIS-07 | B10: Desvinculaciones incompletas | C10: ≥ 1 dispositivo procesado sin la lista de revocación de accesos completa | D10: ≥ | E10: 1 | F10: dispositivos | G10: Mensual | H10: Checklist de revocación de accesos (Plantilla 14.5) | I10: Completar la revocación pendiente (directorio, certificados, MFA y tokens) y documentarla antes de continuar el proceso | M10: =IF(L10="","Sin medir",IF(OR(AND(D10="≥",L10>=E10),AND(D10="≤",L10<=E10)),"Alerta","En rango")) -> Sin medir
A11: KRI-DIS-08 | B11: Días desde la última auditoría cruzada del inventario | C11: > 90 días sin auditoría completa | D11: ≥ | E11: 91 | F11: días | G11: Trimestral | H11: Sistema ITSM · Registro de auditorías | I11: Programar y ejecutar la auditoría; documentar los hallazgos y las correcciones aplicadas | M11: =IF(L11="","Sin medir",IF(OR(AND(D11="≥",L11>=E11),AND(D11="≤",L11<=E11)),"Alerta","En rango")) -> Sin medir
A13: Nota: los límites son referencias orientativas para PyMEs de tamaño medio; ajústelos en las columnas Condición y Límite según la línea base de su organización. Las celdas con texto azul son de captura; la columna Estado se calcula automáticamente.

Sheet Historial
A1: CIBERPROTECCIÓN PARA PyMES · Capítulo 14 — Disposición Final
A2: Historial de mediciones de KRI — revisión semanal y mensual
A3: Fecha de revisión | B3: ID | C3: Indicador | D3: Valor medido | E3: Estado | F3: Acción tomada | G3: Responsable | H3: N.° de ticket
C4: =IF(B4="","",INDEX(KRI!$B$4:$B$11,MATCH(B4,KRI!$A$4:$A$11,0))) | E4: =IF(OR(B4="",D4=""),"",IF(OR(AND(INDEX(KRI!$D$4:$D$11,MATCH(B4,KRI!$A$4:$A$11,0))="≥",D4>=INDEX(KRI!$E$4:$E$11,MATCH(B4,KRI!$A$4:$A$11,0))),AND(INDEX(KRI!$D$4:$D$11,MATCH(B4,KRI!$A$4:$A$11,0))="≤",D4<=INDEX(KRI!$E$4:$E$11,MATCH(B4,KRI!$A$4:$A$11,0)))),"Alerta","En rango"))
C5: =IF(B5="","",INDEX(KRI!$B$4:$B$11,MATCH(B5,KRI!$A$4:$A$11,0))) | E5: =IF(OR(B5="",D5=""),"",IF(OR(AND(INDEX(KRI!$D$4:$D$11,MATCH(B5,KRI!$A$4:$A$11,0))="≥",D5>=INDEX(KRI!$E$4:$E$11,MATCH(B5,KRI!$A$4:$A$11,0))),AND(INDEX(KRI!$D$4:$D$11,MATCH(B5,KRI!$A$4:$A$11,0))="≤",D5<=INDEX(KRI!$E$4:$E$11,MATCH(B5,KRI!$A$4:$A$11,0)))),"Alerta","En rango"))
C6: =IF(B6="","",INDEX(KRI!$B$4:$B$11,MATCH(B6,KRI!$A$4:$A$11,0))) | E6: =IF(OR(B6="",D6=""),"",IF(OR(AND(INDEX(KRI!$D$4:$D$11,MATCH(B6,KRI!$A$4:$A$11,0))="≥",D6>=INDEX(KRI!$E$4:$E$11,MATCH(B6,KRI!$A$4:$A$11,0))),AND(INDEX(KRI!$D$4:$D$11,MATCH(B6,KRI!$A$4:$A$11,0))="≤",D6<=INDEX(KRI!$E$4:$E$11,MATCH(B6,KRI!$A$4:$A$11,0)))),"Alerta","En rango"))
C7: =IF(B7="","",INDEX(KRI!$B$4:$B$11,MATCH(B7,KRI!$A$4:$A$11,0))) | E7: =IF(OR(B7="",D7=""),"",IF(OR(AND(INDEX(KRI!$D$4:$D$11,MATCH(B7,KRI!$A$4:$A$11,0))="≥",D7>=INDEX(KRI!$E$4:$E$11,MATCH(B7,KRI!$A$4:$A$11,0))),AND(INDEX(KRI!$D$4:$D$11,MATCH(B7,KRI!$A$4:$A$11,0))="≤",D7<=INDEX(KRI!$E$4:$E$11,MATCH(B7,KRI!$A$4:$A$11,0)))),"Alerta","En rango"))
C8: =IF(B8="","",INDEX(KRI!$B$4:$B$11,MATCH(B8,KRI!$A$4:$A$11,0))) | E8: =IF(OR(B8="",D8=""),"",IF(OR(AND(INDEX(KRI!$D$4:$D$11,MATCH(B8,KRI!$A$4:$A$11,0))="≥",D8>=INDEX(KRI!$E$4:$E$11,MATCH(B8,KRI!$A$4:$A$11,0))),AND(INDEX(KRI!$D$4:$D$11,MATCH(B8,KRI!$A$4:$A$11,0))="≤",D8<=INDEX(KRI!$E$4:$E$11,MATCH(B8,KRI!$A$4:$A$11,0)))),"Alerta","En rango"))
C9: =IF(B9="","",INDEX(KRI!$B$4:$B$11,MATCH(B9,KRI!$A$4:$A$11,0))) | E9: =IF(OR(B9="",D9=""),"",IF(OR(AND(INDEX(KRI!$D$4:$D$11,MATCH(B9,KRI!$A$4:$A$11,0))="≥",D9>=INDEX(KRI!$E$4:$E$11,MATCH(B9,KRI!$A$4:$A$11,0))),AND(INDEX(KRI!$D$4:$D$11,MATCH(B9,KRI!$A$4:$A$11,0))="≤",D9<=INDEX(KRI!$E$4:$E$11,MATCH(B9,KRI!$A$4:$A$11,0)))),"Alerta","En rango"))
C10: =IF(B10="","",INDEX(KRI!$B$4:$B$11,MATCH(B10,KRI!$A$4:$A$11,0))) | E10: =IF(OR(B10="",D10=""),"",IF(OR(AND(INDEX(KRI!$D$4:$D$11,MATCH(B10,KRI!$A$4:$A$11,0))="≥",D10>=INDEX(KRI!$E$4:$E$11,MATCH(B10,KRI!$A$4:$A$11,0))),AND(INDEX(KRI!$D$4:$D$11,MATCH(B10,KRI!$A$4:$A$11,0))="≤",D10<=INDEX(KRI!$E$4:$E$11,MATCH(B10,KRI!$A$4:$A$11,0)))),"Alerta","En rango"))
C11: =IF(B11="","",INDEX(KRI!$B$4:$B$11,MATCH(B11,KRI!$A$4:$A$11,0))) | E11: =IF(OR(B11="",D11=""),"",IF(OR(AND(INDEX(KRI!$D$4:$D$11,MATCH(B11,KRI!$A$4:$A$11,0))="≥",D11>=INDEX(KRI!$E$4:$E$11,MATCH(B11,KRI!$A$4:$A$11,0))),AND(INDEX(KRI!$D$4:$D$11,MATCH(B11,KRI!$A$4:$A$11,0))="≤",D11<=INDEX(KRI!$E$4:$E$11,MATCH(B11,KRI!$A$4:$A$11,0)))),"Alerta","En rango"))
C12: =IF(B12="","",INDEX(KRI!$B$4:$B$11,MATCH(B12,KRI!$A$4:$A$11,0))) | E12: =IF(OR(B12="",D12=""),"",IF(OR(AND(INDEX(KRI!$D$4:$D$11,MATCH(B12,KRI!$A$4:$A$11,0))="≥",D12>=INDEX(KRI!$E$4:$E$11,MATCH(B12,KRI!$A$4:$A$11,0))),AND(INDEX(KRI!$D$4:$D$11,MATCH(B12,KRI!$A$4:$A$11,0))="≤",D12<=INDEX(KRI!$E$4:$E$11,MATCH(B12,KRI!$A$4:$A$11,0)))),"Alerta","En rango"))
C13: =IF(B13="","",INDEX(KRI!$B$4:$B$11,MATCH(B13,KRI!$A$4:$A$11,0))) | E13: =IF(OR(B13="",D13=""),"",IF(OR(AND(INDEX(KRI!$D$4:$D$11,MATCH(B13,KRI!$A$4:$A$11,0))="≥",D13>=INDEX(KRI!$E$4:$E$11,MATCH(B13,KRI!$A$4:$A$11,0))),AND(INDEX(KRI!$D$4:$D$11,MATCH(B13,KRI!$A$4:$A$11,0))="≤",D13<=INDEX(KRI!$E$4:$E$11,MATCH(B13,KRI!$A$4:$A$11,0)))),"Alerta","En rango"))
C14: =IF(B14="","",INDEX(KRI!$B$4:$B$11,MATCH(B14,KRI!$A$4:$A$11,0))) | E14: =IF(OR(B14="",D14=""),"",IF(OR(AND(INDEX(KRI!$D$4:$D$11,MATCH(B14,KRI!$A$4:$A$11,0))="≥",D14>=INDEX(KRI!$E$4:$E$11,MATCH(B14,KRI!$A$4:$A$11,0))),AND(INDEX(KRI!$D$4:$D$11,MATCH(B14,KRI!$A$4:$A$11,0))="≤",D14<=INDEX(KRI!$E$4:$E$11,MATCH(B14,KRI!$A$4:$A$11,0)))),"Alerta","En rango"))
C15: =IF(B15="","",INDEX(KRI!$B$4:$B$11,MATCH(B15,KRI!$A$4:$A$11,0))) | E15: =IF(OR(B15="",D15=""),"",IF(OR(AND(INDEX(KRI!$D$4:$D$11,MATCH(B15,KRI!$A$4:$A$11,0))="≥",D15>=INDEX(KRI!$E$4:$E$11,MATCH(B15,KRI!$A$4:$A$11,0))),AND(INDEX(KRI!$D$4:$D$11,MATCH(B15,KRI!$A$4:$A$11,0))="≤",D15<=INDEX(KRI!$E$4:$E$11,MATCH(B15,KRI!$A$4:$A$11,0)))),"Alerta","En rango"))
... C153: =IF(B153="","",INDEX(KRI!$B$4:$B$11,MATCH(B153,KRI!$A$4:$A$11,0))) | E153: =IF(OR(B153="",D153=""),"",IF(OR(AND(INDEX(KRI!$D$4:$D$11,MATCH(B153,KRI!$A$4:$A$11,0))="≥",D153>=INDEX(KRI!$E$4:$E$11,MATCH(B153,KRI!$A$4:$A$11,0))),AND(INDEX(KRI!$D$4:$D$11,MATCH(B153,KRI!$A$4:$A$11,0))="≤",D153<=INDEX(KRI!$E$4:$E$11,MATCH(B153,KRI!$A$4:$A$11,0)))),"Alerta","En rango"))

Sheet Dashboard
A1: CIBERPROTECCIÓN PARA PyMES · Capítulo 14 — Disposición Final
A2: Dashboard — Estado de los Indicadores Clave de Riesgo
A3: Frecuencia | B3: Total KRI | C3: En rango | D3: Alerta | E3: Sin medir | F3: % en alerta
A4: SEMANAL | B4: =COUNTIF(KRI!$G$4:$G$11,"Semanal") -> 1 | C4: =COUNTIFS(KRI!$G$4:$G$11,"Semanal",KRI!$M$4:$M$11,"En rango") -> 0 | D4: =COUNTIFS(KRI!$G$4:$G$11,"Semanal",KRI!$M$4:$M$11,"Alerta") -> 0 | E4: =COUNTIFS(KRI!$G$4:$G$11,"Semanal",KRI!$M$4:$M$11,"Sin medir") -> 1 | F4: =IF(B4=0,0,D4/B4) -> 0
A5: MENSUAL | B5: =COUNTIF(KRI!$G$4:$G$11,"Mensual") -> 6 | C5: =COUNTIFS(KRI!$G$4:$G$11,"Mensual",KRI!$M$4:$M$11,"En rango") -> 0 | D5: =COUNTIFS(KRI!$G$4:$G$11,"Mensual",KRI!$M$4:$M$11,"Alerta") -> 0 | E5: =COUNTIFS(KRI!$G$4:$G$11,"Mensual",KRI!$M$4:$M$11,"Sin medir") -> 6 | F5: =IF(B5=0,0,D5/B5) -> 0
A6: TRIMESTRAL | B6: =COUNTIF(KRI!$G$4:$G$11,"Trimestral") -> 1 | C6: =COUNTIFS(KRI!$G$4:$G$11,"Trimestral",KRI!$M$4:$M$11,"En rango") -> 0 | D6: =COUNTIFS(KRI!$G$4:$G$11,"Trimestral",KRI!$M$4:$M$11,"Alerta") -> 0 | E6: =COUNTIFS(KRI!$G$4:$G$11,"Trimestral",KRI!$M$4:$M$11,"Sin medir") -> 1 | F6: =IF(B6=0,0,D6/B6) -> 0
A7: TOTAL GENERAL | B7: =SUM(B4:B6) -> 8 | C7: =SUM(C4:C6) -> 0 | D7: =SUM(D4:D6) -> 0 | E7: =SUM(E4:E6) -> 8 | F7: =IF(B7=0,0,D7/B7) -> 0
A9: Historial acumulado por indicador (hoja Historial)
A10: Indicador | B10: ID | C10: Mediciones | D10: Alertas | E10: Última medición | F10: Estado actual
A11: =KRI!B4 -> Dispositivos retirados sin registro formal | B11: =KRI!A4 -> KRI-DIS-01 | C11: =COUNTIF(Historial!$B$4:$B$153,B11) -> 0 | D11: =COUNTIFS(Historial!$B$4:$B$153,B11,Historial!$E$4:$E$153,"Alerta") -> 0 | E11: =IF(C11=0,"—",SUMPRODUCT(MAX((Historial!$B$4:$B$153=B11)*Historial!$A$4:$A$153))) -> — | F11: =KRI!M4 -> Sin medir
A12: =KRI!B5 -> Dispositivos en espera de disposición por tiempo excesivo | B12: =KRI!A5 -> KRI-DIS-02 | C12: =COUNTIF(Historial!$B$4:$B$153,B12) -> 0 | D12: =COUNTIFS(Historial!$B$4:$B$153,B12,Historial!$E$4:$E$153,"Alerta") -> 0 | E12: =IF(C12=0,"—",SUMPRODUCT(MAX((Historial!$B$4:$B$153=B12)*Historial!$A$4:$A$153))) -> — | F12: =KRI!M5 -> Sin medir
A13: =KRI!B6 -> Disposiciones sin certificado | B13: =KRI!A6 -> KRI-DIS-03 | C13: =COUNTIF(Historial!$B$4:$B$153,B13) -> 0 | D13: =COUNTIFS(Historial!$B$4:$B$153,B13,Historial!$E$4:$E$153,"Alerta") -> 0 | E13: =IF(C13=0,"—",SUMPRODUCT(MAX((Historial!$B$4:$B$153=B13)*Historial!$A$4:$A$153))) -> — | F13: =KRI!M6 -> Sin medir
A14: =KRI!B7 -> Certificados no verificables o con discrepancias | B14: =KRI!A7 -> KRI-DIS-04 | C14: =COUNTIF(Historial!$B$4:$B$153,B14) -> 0 | D14: =COUNTIFS(Historial!$B$4:$B$153,B14,Historial!$E$4:$E$153,"Alerta") -> 0 | E14: =IF(C14=0,"—",SUMPRODUCT(MAX((Historial!$B$4:$B$153=B14)*Historial!$A$4:$A$153))) -> — | F14: =KRI!M7 -> Sin medir
A15: =KRI!B8 -> Dispositivos dados de baja con actividad en la red | B15: =KRI!A8 -> KRI-DIS-05 | C15: =COUNTIF(Historial!$B$4:$B$153,B15) -> 0 | D15: =COUNTIFS(Historial!$B$4:$B$153,B15,Historial!$E$4:$E$153,"Alerta") -> 0 | E15: =IF(C15=0,"—",SUMPRODUCT(MAX((Historial!$B$4:$B$153=B15)*Historial!$A$4:$A$153))) -> — | F15: =KRI!M8 -> Sin medir
A16: =KRI!B9 -> Entregas a proveedores no acreditados | B16: =KRI!A9 -> KRI-DIS-06 | C16: =COUNTIF(Historial!$B$4:$B$153,B16) -> 0 | D16: =COUNTIFS(Historial!$B$4:$B$153,B16,Historial!$E$4:$E$153,"Alerta") -> 0 | E16: =IF(C16=0,"—",SUMPRODUCT(MAX((Historial!$B$4:$B$153=B16)*Historial!$A$4:$A$153))) -> — | F16: =KRI!M9 -> Sin medir
A17: =KRI!B10 -> Desvinculaciones incompletas | B17: =KRI!A10 -> KRI-DIS-07 | C17: =COUNTIF(Historial!$B$4:$B$153,B17) -> 0 | D17: =COUNTIFS(Historial!$B$4:$B$153,B17,Historial!$E$4:$E$153,"Alerta") -> 0 | E17: =IF(C17=0,"—",SUMPRODUCT(MAX((Historial!$B$4:$B$153=B17)*Historial!$A$4:$A$153))) -> — | F17: =KRI!M10 -> Sin medir
A18: =KRI!B11 -> Días desde la última auditoría cruzada del inventario | B18: =KRI!A11 -> KRI-DIS-08 | C18: =COUNTIF(Historial!$B$4:$B$153,B18) -> 0 | D18: =COUNTIFS(Historial!$B$4:$B$153,B18,Historial!$E$4:$E$153,"Alerta") -> 0 | E18: =IF(C18=0,"—",SUMPRODUCT(MAX((Historial!$B$4:$B$153=B18)*Historial!$A$4:$A$153))) -> — | F18: =KRI!M11 -> Sin medir
A20: Nota: registre el valor de cada indicador en la hoja KRI (estado actual) y en la hoja Historial (seguimiento de tendencia). Este dashboard se actualiza automáticamente.

Sheet Instructivo
A1: CIBERPROTECCIÓN PARA PyMES · Capítulo 14 — Disposición Final
A2: Instructivo de uso
A3: Campo | B3: Descripción
A4: Objetivo | B4: Registrar y monitorizar los Indicadores Clave de Riesgo (KRI) de la disposición final de activos tecnológicos definidos en la Función de Identificación del Capítulo 14, con el fin de detectar desviaciones del proceso antes de que se conviertan en una exposición de información.
A5: Hoja KRI | B5: Contiene la definición de los 8 indicadores y su estado actual. Cada revisión actualiza las columnas Responsable, Última revisión, Valor medido y Observaciones.
A6: Hoja Historial | B6: Registro cronológico de cada medición. Permite identificar tendencias a lo largo del tiempo, que es el propósito central de un KRI. Seleccione el ID en la lista desplegable; el nombre del indicador y el estado se completan automáticamente.
A7: Hoja Dashboard | B7: Resume el estado actual de los indicadores por frecuencia de revisión y el historial acumulado de mediciones y alertas por indicador. No requiere edición.
A8: ID | B8: Identificador único del indicador (KRI-DIS-01 a KRI-DIS-08).
A9: Umbral de alerta | B9: Descripción del valor a partir del cual el indicador exige la intervención del equipo de TI.
A10: Condición / Límite | B10: Expresión numérica del umbral, utilizada para calcular el estado. «≥» genera alerta cuando el valor medido es mayor o igual al límite; «≤» genera alerta cuando es menor o igual. Ajuste el límite según la línea base de su organización.
A11: Unidad | B11: Unidad en que debe registrarse el valor medido. Para todos los indicadores, salvo KRI-DIS-08, registre el número de casos encontrados en la revisión. Para KRI-DIS-08 registre los días transcurridos desde la última auditoría cruzada completa.
A12: Frecuencia | B12: Periodicidad de revisión: semanal para el indicador de actividad en la red (KRI-DIS-05); mensual para los de inventario, certificación, proveedores y desvinculación (KRI-DIS-01 a 04, 06 y 07); trimestral para el de auditoría (KRI-DIS-08). Integre las revisiones en el Calendario NSOC.
A13: Fuente de datos | B13: Herramientas o registros de los que se obtiene el valor del indicador.
A14: Acción esperada | B14: Respuesta que debe ejecutarse cuando el indicador está en estado Alerta. Registre la acción efectivamente tomada y el número de ticket en la hoja Historial.
... A18: Evidencia | B18: Cada revisión debe quedar registrada en el sistema de tickets (ITSM) como tarea programada cerrada, con referencia en la columna N.° de ticket de la hoja Historial.
