Workbook

Sheet Hardware
A1: Inventario de Activos — Hardware 🖥️
A2: Registre cada activo de la categoría. Los campos marcados con * son obligatorios. Criticidad: 4-Crítico | 3-Alto | 2-Medio | 1-Bajo
A3: ID Activo * | B3: Nombre del Activo * | C3: Descripción | D3: Subcategoría * | E3: Tipo de Hardware * | F3: Dirección IP | G3: Dirección MAC | H3: VLAN / Segmento | I3: SO / Firmware | J3: Fabricante / Proveedor | K3: Modelo / Versión | L3: Número de Serie / Licencia | M3: Fecha de Adquisición | N3: Fecha de Vencimiento / EoL | O3: Propietario Funcional * | P3: Departamento | Q3: Ubicación * | R3: Estado *
A4: HAR-001
A5: HAR-002
A6: HAR-003
A7: HAR-004
A8: HAR-005
A9: HAR-006
A10: HAR-007
A11: HAR-008
A12: HAR-009
A13: HAR-010
A14: HAR-011
A15: HAR-012
... A24: HAR-021

Sheet Software
A1: Inventario de Activos — Software 💿
A2: Registre cada activo de la categoría. Los campos marcados con * son obligatorios. Criticidad: 4-Crítico | 3-Alto | 2-Medio | 1-Bajo
A3: ID Activo * | B3: Nombre del Activo * | C3: Descripción | D3: Subcategoría * | E3: Tipo de Software * | F3: Versión instalada | G3: Plataforma / SO base | H3: Tipo de licencia | I3: Cantidad de licencias | J3: Equipo(s) asociado(s) | K3: Fabricante / Proveedor | L3: Modelo / Versión | M3: Número de Serie / Licencia | N3: Fecha de Adquisición | O3: Fecha de Vencimiento / EoL | P3: Propietario Funcional * | Q3: Departamento | R3: Ubicación *
A4: SOF-001
A5: SOF-002
A6: SOF-003
A7: SOF-004
A8: SOF-005
A9: SOF-006
A10: SOF-007
A11: SOF-008
A12: SOF-009
A13: SOF-010
A14: SOF-011
A15: SOF-012
... A24: SOF-021

Sheet Servicios
A1: Inventario de Activos — Servicios en la Nube y Conectividad ☁️
A2: Registre cada activo de la categoría. Los campos marcados con * son obligatorios. Criticidad: 4-Crítico | 3-Alto | 2-Medio | 1-Bajo
A3: ID Activo * | B3: Nombre del Activo * | C3: Descripción | D3: Subcategoría * | E3: Tipo de Servicio * | F3: URL / Endpoint | G3: Proveedor de servicio | H3: Contrato / Referencia | I3: Fecha inicio contrato | J3: Responsable técnico | K3: Fabricante / Proveedor | L3: Modelo / Versión | M3: Número de Serie / Licencia | N3: Fecha de Adquisición | O3: Fecha de Vencimiento / EoL | P3: Propietario Funcional * | Q3: Departamento | R3: Ubicación *
A4: SRV-001
A5: SRV-002
A6: SRV-003
A7: SRV-004
A8: SRV-005
A9: SRV-006
A10: SRV-007
A11: SRV-008
A12: SRV-009
A13: SRV-010
A14: SRV-011
A15: SRV-012
... A24: SRV-021

Sheet Dashboard
A1: Dashboard — Inventario de Activos TI
A2: Resumen consolidado generado automáticamente desde las hojas de registro.
A4: Categoría | B4: Total Activos registrados | C4: Críticos (4) | D4: Altos (3) | E4: Medios (2) | F4: Bajos (1) | G4: Sin clasificar
A5: Hardware | B5: =COUNTA(Hardware!B4:B200) -> 0 | C5: =COUNTIF(Hardware!N4:N200,"4 - Crítico") -> 0 | D5: =COUNTIF(Hardware!N4:N200,"3 - Alto") -> 0 | E5: =COUNTIF(Hardware!N4:N200,"2 - Medio") -> 0 | F5: =COUNTIF(Hardware!N4:N200,"1 - Bajo") -> 0 | G5: =B5-C5-D5-E5-F5 -> 0
A6: Software | B6: =COUNTA(Software!B4:B200) -> 0 | C6: =COUNTIF(Software!N4:N200,"4 - Crítico") -> 0 | D6: =COUNTIF(Software!N4:N200,"3 - Alto") -> 0 | E6: =COUNTIF(Software!N4:N200,"2 - Medio") -> 0 | F6: =COUNTIF(Software!N4:N200,"1 - Bajo") -> 0 | G6: =B6-C6-D6-E6-F6 -> 0
A7: Servicios | B7: =COUNTA(Servicios!B4:B200) -> 0 | C7: =COUNTIF(Servicios!N4:N200,"4 - Crítico") -> 0 | D7: =COUNTIF(Servicios!N4:N200,"3 - Alto") -> 0 | E7: =COUNTIF(Servicios!N4:N200,"2 - Medio") -> 0 | F7: =COUNTIF(Servicios!N4:N200,"1 - Bajo") -> 0 | G7: =B7-C7-D7-E7-F7 -> 0
A8: TOTAL | B8: =SUM(B5:B7) -> 0 | C8: =SUM(C5:C7) -> 0 | D8: =SUM(D5:D7) -> 0 | E8: =SUM(E5:E7) -> 0 | F8: =SUM(F5:F7) -> 0 | G8: =SUM(G5:G7) -> 0
A10: Escala de Criticidad — Referencia
A11: 4 - Crítico | B11: Su falla detiene operaciones esenciales del negocio.
A12: 3 - Alto | B12: Impacto significativo; existe workaround pero degradado.
A13: 2 - Medio | B13: Impacto moderado; la operación continúa con restricciones.
A14: 1 - Bajo | B14: Impacto mínimo; no afecta procesos críticos del negocio.
A16: Marco de referencia: NIST CSF 2.0 | Función: Identificar (ID) | Categorías: ID.AM-01 Inventario de Hardware · ID.AM-02 Inventario de Software

Sheet Instructivo
A1: Instructivo de uso — Inventario de Activos TI
A3: PROPÓSITO
A4: Este libro de Excel implementa el inventario de activos requerido por la función Identificar (ID.AM) del NIST CSF 2.0. Cubre hardware, software y servicios conforme a las buenas prácticas de ciberseguridad para PyMEs.
A6: HOJAS DE TRABAJO
A7: • Hardware: Servidores, equipos de escritorio, portátiles, dispositivos de red. • Software: Sistemas operativos, aplicaciones, licencias. • Servicios: Nube, contratos de conectividad, certificados digitales. • Dashboard: Resumen automático de totales y criticidades. • Instructivo: Esta guía de uso.
A9: CAMPOS OBLIGATORIOS (*)
A10: ID Activo, Nombre, Subcategoría, Propietario Funcional, Ubicación, Estado y Criticidad son obligatorios. Sin ellos el registro queda incompleto para efectos del inventario.
A12: PROPIETARIO FUNCIONAL
A13: Indique el nombre del responsable funcional del activo (no necesariamente el área de TI). Ejemplo: 'Gerente Financiero' para un servidor de nómina.
A15: UBICACIÓN
A16: Para hardware: nombre del sitio físico, sala o rack. Para software/servicios: indique el entorno lógico (Producción / QA / Nube).
A18: CRITICIDAD
... A25: ID.AM-01: Inventarios de activos de hardware gestionados, actualizados y mantenidos. ID.AM-02: Inventarios de activos de software, servicios y sistemas gestionados. ID.AM-05: Activos clasificados según criticidad para los objetivos del negocio.
