Workbook

Sheet Checklist
A1: CIBERPROTECCIÓN PARA PyMES · Capítulo 10 — Dispositivos
A2: Lista de Verificación — Despliegue de Controles del Capítulo
A3: N° | B3: Función | C3: Actividad | D3: Estado | E3: Responsable | F3: Fecha de ejecución | G3: Observaciones
A4: 1 | B4: Gobernanza | C4: Definir la Política de Segurización de Dispositivos Periféricos | D4: Pendiente
A5: 2 | C5: Definir el Proceso de Incorporación y Retiro de Dispositivos | D5: Pendiente
A6: 3 | C6: Establecer la Política de Segmentación de Red | D6: Pendiente
A7: 4 | B7: Identificación | C7: Levantar Inventario de Dispositivos | D7: Pendiente
A8: 5 | C8: Establecer Línea Base de Seguridad | D8: Pendiente
A9: 6 | C9: Definir los Indicadores Clave de Riesgo (KRI) | D9: Pendiente
A10: 7 | B10: Protección | C10: Reconfigurar Segmentos de Red | D10: Pendiente
A11: 8 | C11: Segurizar Dispositivos | D11: Pendiente
A12: 9 | C12: Respaldar Configuración | D12: Pendiente
A13: 10 | C13: Ejecutar Mantenimientos Periódicos Programados | D13: Pendiente
A14: 11 | B14: Detección | C14: Revisar los Indicadores Clave de Riesgo (KRI) | D14: Pendiente
A15: 12 | C15: Suscribir Boletines de Alerta | D15: Pendiente
A16: 13 | C16: Bloquear Tráfico Saliente | D16: Pendiente
A17: 14 | C17: Monitorizar vía SNMP | D17: Pendiente
A18: 15 | B18: Respuesta | C18: Diseñar Plan de Respuesta a Incidentes de Dispositivos | D18: Pendiente
A19: 16 | C19: Documentar Procedimientos de Reinstalación | D19: Pendiente
A20: 17 | C20: Contener Dispositivos Comprometidos | D20: Pendiente
A21: 18 | B21: Recuperación | C21: Documentar Estado Fallido | D21: Pendiente
A22: 19 | C22: Reinstalar Dispositivos Afectados | D22: Pendiente
A23: 20 | C23: Realizar Análisis Post-Mortem | D23: Pendiente

Sheet Dashboard
A1: CIBERPROTECCIÓN PARA PyMES · Capítulo 10 — Dispositivos
A2: Dashboard — Estado del Despliegue
A3: Función | B3: Total actividades | C3: Pendiente | D3: En proceso | E3: Completado | F3: No aplica
A4: Gobernanza | B4: =COUNTA(Checklist!C4:C6) -> 3 | C4: =COUNTIF(Checklist!D4:D6,"Pendiente") -> 3 | D4: =COUNTIF(Checklist!D4:D6,"En proceso") -> 0 | E4: =COUNTIF(Checklist!D4:D6,"Completado") -> 0 | F4: =COUNTIF(Checklist!D4:D6,"No aplica") -> 0
A5: Identificación | B5: =COUNTA(Checklist!C7:C9) -> 3 | C5: =COUNTIF(Checklist!D7:D9,"Pendiente") -> 3 | D5: =COUNTIF(Checklist!D7:D9,"En proceso") -> 0 | E5: =COUNTIF(Checklist!D7:D9,"Completado") -> 0 | F5: =COUNTIF(Checklist!D7:D9,"No aplica") -> 0
A6: Protección | B6: =COUNTA(Checklist!C10:C13) -> 4 | C6: =COUNTIF(Checklist!D10:D13,"Pendiente") -> 4 | D6: =COUNTIF(Checklist!D10:D13,"En proceso") -> 0 | E6: =COUNTIF(Checklist!D10:D13,"Completado") -> 0 | F6: =COUNTIF(Checklist!D10:D13,"No aplica") -> 0
A7: Detección | B7: =COUNTA(Checklist!C14:C17) -> 4 | C7: =COUNTIF(Checklist!D14:D17,"Pendiente") -> 4 | D7: =COUNTIF(Checklist!D14:D17,"En proceso") -> 0 | E7: =COUNTIF(Checklist!D14:D17,"Completado") -> 0 | F7: =COUNTIF(Checklist!D14:D17,"No aplica") -> 0
A8: Respuesta | B8: =COUNTA(Checklist!C18:C20) -> 3 | C8: =COUNTIF(Checklist!D18:D20,"Pendiente") -> 3 | D8: =COUNTIF(Checklist!D18:D20,"En proceso") -> 0 | E8: =COUNTIF(Checklist!D18:D20,"Completado") -> 0 | F8: =COUNTIF(Checklist!D18:D20,"No aplica") -> 0
A9: Recuperación | B9: =COUNTA(Checklist!C21:C23) -> 3 | C9: =COUNTIF(Checklist!D21:D23,"Pendiente") -> 3 | D9: =COUNTIF(Checklist!D21:D23,"En proceso") -> 0 | E9: =COUNTIF(Checklist!D21:D23,"Completado") -> 0 | F9: =COUNTIF(Checklist!D21:D23,"No aplica") -> 0
A10: TOTAL GENERAL | B10: =SUM(B4:B9) -> 20 | C10: =SUM(C4:C9) -> 20 | D10: =SUM(D4:D9) -> 0 | E10: =SUM(E4:E9) -> 0 | F10: =SUM(F4:F9) -> 0
A12: Nota: cambie el estado de cada actividad en la hoja Checklist. Este dashboard se actualiza automáticamente.

Sheet Instructivo
A1: Instructivo de uso
A2: Campo | B2: Descripción
A3: N° | B3: Número secuencial de la actividad dentro del capítulo completo.
A4: Función | B4: Función del marco NIST CSF 2.0 a la que pertenece la actividad: Gobernanza, Identificación, Protección, Detección, Respuesta o Recuperación.
A5: Actividad | B5: Nombre de la actividad de segurización descrita en el capítulo de Dispositivos.
A6: Estado | B6: Seleccione de la lista desplegable: Pendiente, En proceso, Completado o No aplica.
A7: Responsable | B7: Nombre de la persona o rol responsable de ejecutar la actividad.
A8: Fecha de ejecución | B8: Fecha en la que la actividad fue completada o se tiene programada.
A9: Observaciones | B9: Notas, hallazgos o excepciones relevantes registradas durante el despliegue.
