Workbook

Sheet Inventario
A1: CIBERPROTECCIÓN PARA PyMES · Capítulo 10 — Dispositivos Periféricos
A2: Inventario de Dispositivos Periféricos
A3: Tipo de dispositivo | B3: Marca | C3: Modelo | D3: Número de serie | E3: Prioridad | F3: Dirección IP | G3: Segmento de red | H3: Versión de firmware | I3: URL firmware | J3: Responsable técnico | K3: Fecha de compra | L3: Fecha expiración garantía | M3: Última revisión Línea Base | N3: Estado

Sheet Dashboard
A1: CIBERPROTECCIÓN PARA PyMES · Capítulo 10 — Dispositivos Periféricos
A2: Dashboard — Estado del Inventario
A3: Tipo de dispositivo | B3: Total | C3: En producción | D3: Retirado
A4: Router | B4: =COUNTIF(Inventario!$A$4:$A$43,A4) -> 0 | C4: =COUNTIFS(Inventario!$A$4:$A$43,A4,Inventario!$N$4:$N$43,"En producción") -> 0 | D4: =COUNTIFS(Inventario!$A$4:$A$43,A4,Inventario!$N$4:$N$43,"Retirado") -> 0
A5: Switch | B5: =COUNTIF(Inventario!$A$4:$A$43,A5) -> 0 | C5: =COUNTIFS(Inventario!$A$4:$A$43,A5,Inventario!$N$4:$N$43,"En producción") -> 0 | D5: =COUNTIFS(Inventario!$A$4:$A$43,A5,Inventario!$N$4:$N$43,"Retirado") -> 0
A6: Access Point | B6: =COUNTIF(Inventario!$A$4:$A$43,A6) -> 0 | C6: =COUNTIFS(Inventario!$A$4:$A$43,A6,Inventario!$N$4:$N$43,"En producción") -> 0 | D6: =COUNTIFS(Inventario!$A$4:$A$43,A6,Inventario!$N$4:$N$43,"Retirado") -> 0
A7: Telefonía IP | B7: =COUNTIF(Inventario!$A$4:$A$43,A7) -> 0 | C7: =COUNTIFS(Inventario!$A$4:$A$43,A7,Inventario!$N$4:$N$43,"En producción") -> 0 | D7: =COUNTIFS(Inventario!$A$4:$A$43,A7,Inventario!$N$4:$N$43,"Retirado") -> 0
A8: Impresora | B8: =COUNTIF(Inventario!$A$4:$A$43,A8) -> 0 | C8: =COUNTIFS(Inventario!$A$4:$A$43,A8,Inventario!$N$4:$N$43,"En producción") -> 0 | D8: =COUNTIFS(Inventario!$A$4:$A$43,A8,Inventario!$N$4:$N$43,"Retirado") -> 0
A9: Escáner de red | B9: =COUNTIF(Inventario!$A$4:$A$43,A9) -> 0 | C9: =COUNTIFS(Inventario!$A$4:$A$43,A9,Inventario!$N$4:$N$43,"En producción") -> 0 | D9: =COUNTIFS(Inventario!$A$4:$A$43,A9,Inventario!$N$4:$N$43,"Retirado") -> 0
A10: Cámara de video vigilancia | B10: =COUNTIF(Inventario!$A$4:$A$43,A10) -> 0 | C10: =COUNTIFS(Inventario!$A$4:$A$43,A10,Inventario!$N$4:$N$43,"En producción") -> 0 | D10: =COUNTIFS(Inventario!$A$4:$A$43,A10,Inventario!$N$4:$N$43,"Retirado") -> 0
A11: Televisor inteligente | B11: =COUNTIF(Inventario!$A$4:$A$43,A11) -> 0 | C11: =COUNTIFS(Inventario!$A$4:$A$43,A11,Inventario!$N$4:$N$43,"En producción") -> 0 | D11: =COUNTIFS(Inventario!$A$4:$A$43,A11,Inventario!$N$4:$N$43,"Retirado") -> 0
A12: Control de acceso | B12: =COUNTIF(Inventario!$A$4:$A$43,A12) -> 0 | C12: =COUNTIFS(Inventario!$A$4:$A$43,A12,Inventario!$N$4:$N$43,"En producción") -> 0 | D12: =COUNTIFS(Inventario!$A$4:$A$43,A12,Inventario!$N$4:$N$43,"Retirado") -> 0
A13: Acondicionador de aire | B13: =COUNTIF(Inventario!$A$4:$A$43,A13) -> 0 | C13: =COUNTIFS(Inventario!$A$4:$A$43,A13,Inventario!$N$4:$N$43,"En producción") -> 0 | D13: =COUNTIFS(Inventario!$A$4:$A$43,A13,Inventario!$N$4:$N$43,"Retirado") -> 0
A14: UPS | B14: =COUNTIF(Inventario!$A$4:$A$43,A14) -> 0 | C14: =COUNTIFS(Inventario!$A$4:$A$43,A14,Inventario!$N$4:$N$43,"En producción") -> 0 | D14: =COUNTIFS(Inventario!$A$4:$A$43,A14,Inventario!$N$4:$N$43,"Retirado") -> 0
A15: Otro | B15: =COUNTIF(Inventario!$A$4:$A$43,A15) -> 0 | C15: =COUNTIFS(Inventario!$A$4:$A$43,A15,Inventario!$N$4:$N$43,"En producción") -> 0 | D15: =COUNTIFS(Inventario!$A$4:$A$43,A15,Inventario!$N$4:$N$43,"Retirado") -> 0
A16: TOTAL GENERAL | B16: =SUM(B4:B15) -> 0 | C16: =SUM(C4:C15) -> 0 | D16: =SUM(D4:D15) -> 0
A18: Nota: registre cada dispositivo en la hoja Inventario. Este dashboard se actualiza automáticamente.
