Workbook

Sheet Registro de Despliegue
A1: Plantilla 3.7 — Listado de Despliegue de Funciones
A2: Capítulo 03 · Firewall — Ciberprotección para PyMES
A4: N° | B4: Función NIST | C4: Actividad | D4: Nivel de madurez objetivo | E4: Responsable | F4: Estado | G4: Fecha objetivo | H4: Fecha completado | I4: Evidencia / Observaciones
A5: 1 | B5: Gobernanza | C5: Definir la Política de Uso del Firewall | D5: Mínimo | F5: Pendiente
A6: 2 | B6: Gobernanza | C6: Establecer el proceso de gestión de cambios | D6: Intermedio | F6: Pendiente
A7: 3 | B7: Identificación | C7: Inventariar servicios y puertos expuestos | D7: Mínimo | F7: Pendiente
A8: 4 | B8: Identificación | C8: Diseñar subredes internas | D8: Mínimo | F8: Pendiente
A9: 5 | B9: Identificación | C9: Diseñar reglas de acceso | D9: Mínimo | F9: Pendiente
A10: 6 | B10: Identificación | C10: Determinar Indicadores Claves de Riesgo (KRI) | D10: Intermedio | F10: Pendiente
A11: 7 | B11: Protección | C11: Instalar y configurar firewall | D11: Mínimo | F11: Pendiente
A12: 8 | B12: Protección | C12: Desplegar subredes internas | D12: Mínimo | F12: Pendiente
A13: 9 | B13: Protección | C13: Segurizar consola de administración | D13: Mínimo | F13: Pendiente
A14: 10 | B14: Protección | C14: Configurar servicios de red DHCP / DNS / NTP / Proxy | D14: Mínimo | F14: Pendiente
A15: 11 | B15: Protección | C15: Habilitar IDS / IPS | D15: Intermedio | F15: Pendiente
A16: 12 | B16: Protección | C16: Gestionar reglas de navegación | D16: Mínimo | F16: Pendiente
... A33: 29 | B33: Recuperación | C33: Realizar análisis post-mortem y actualizar los controles del dominio | D33: Intermedio | F33: Pendiente
A35: Instrucciones: complete las columnas Responsable, Estado, Fecha objetivo, Fecha completado y Evidencia / Observaciones para cada actividad. Las columnas N°, Función NIST, Actividad y Nivel de madurez objetivo provienen del Capítulo 03 – Firewall y no deben modificarse. Ejemplo de fila completada: N° 1, Responsable 'J. Pérez (Administrador de Red)', Estado 'Completado', Fecha objetivo 15/08/2026, Fecha completado 10/08/2026.

Sheet Dashboard
A1: Dashboard de Avance — Despliegue Firewall
A3: Resumen General
A4: Total de actividades | B4: =COUNTA('Registro de Despliegue'!$B$5:$B$33) -> 29
A5: Completadas | B5: =COUNTIF('Registro de Despliegue'!$F$5:$F$33,"Completado") -> 0
A6: En progreso | B6: =COUNTIF('Registro de Despliegue'!$F$5:$F$33,"En progreso") -> 0
A7: Pendientes | B7: =COUNTIF('Registro de Despliegue'!$F$5:$F$33,"Pendiente") -> 29
A8: No aplica | B8: =COUNTIF('Registro de Despliegue'!$F$5:$F$33,"No aplica") -> 0
A9: % de avance | B9: =IFERROR(B5/(B4-B8),0) -> 0
A11: Avance por Función NIST CSF 2.0
A12: Función | B12: Total | C12: Completadas | D12: En progreso | E12: Pendientes | F12: % Avance
A13: Gobernanza | B13: =COUNTIF('Registro de Despliegue'!$B$5:$B$33,"Gobernanza") -> 2 | C13: =COUNTIFS('Registro de Despliegue'!$B$5:$B$33,"Gobernanza",'Registro de Despliegue'!$F$5:$F$33,"Completado") -> 0 | D13: =COUNTIFS('Registro de Despliegue'!$B$5:$B$33,"Gobernanza",'Registro de Despliegue'!$F$5:$F$33,"En progreso") -> 0 | E13: =COUNTIFS('Registro de Despliegue'!$B$5:$B$33,"Gobernanza",'Registro de Despliegue'!$F$5:$F$33,"Pendiente") -> 2 | F13: =IFERROR(C13/B13,0) -> 0
A14: Identificación | B14: =COUNTIF('Registro de Despliegue'!$B$5:$B$33,"Identificación") -> 4 | C14: =COUNTIFS('Registro de Despliegue'!$B$5:$B$33,"Identificación",'Registro de Despliegue'!$F$5:$F$33,"Completado") -> 0 | D14: =COUNTIFS('Registro de Despliegue'!$B$5:$B$33,"Identificación",'Registro de Despliegue'!$F$5:$F$33,"En progreso") -> 0 | E14: =COUNTIFS('Registro de Despliegue'!$B$5:$B$33,"Identificación",'Registro de Despliegue'!$F$5:$F$33,"Pendiente") -> 4 | F14: =IFERROR(C14/B14,0) -> 0
A15: Protección | B15: =COUNTIF('Registro de Despliegue'!$B$5:$B$33,"Protección") -> 10 | C15: =COUNTIFS('Registro de Despliegue'!$B$5:$B$33,"Protección",'Registro de Despliegue'!$F$5:$F$33,"Completado") -> 0 | D15: =COUNTIFS('Registro de Despliegue'!$B$5:$B$33,"Protección",'Registro de Despliegue'!$F$5:$F$33,"En progreso") -> 0 | E15: =COUNTIFS('Registro de Despliegue'!$B$5:$B$33,"Protección",'Registro de Despliegue'!$F$5:$F$33,"Pendiente") -> 10 | F15: =IFERROR(C15/B15,0) -> 0
A16: Detección | B16: =COUNTIF('Registro de Despliegue'!$B$5:$B$33,"Detección") -> 4 | C16: =COUNTIFS('Registro de Despliegue'!$B$5:$B$33,"Detección",'Registro de Despliegue'!$F$5:$F$33,"Completado") -> 0 | D16: =COUNTIFS('Registro de Despliegue'!$B$5:$B$33,"Detección",'Registro de Despliegue'!$F$5:$F$33,"En progreso") -> 0 | E16: =COUNTIFS('Registro de Despliegue'!$B$5:$B$33,"Detección",'Registro de Despliegue'!$F$5:$F$33,"Pendiente") -> 4 | F16: =IFERROR(C16/B16,0) -> 0
A17: Respuesta | B17: =COUNTIF('Registro de Despliegue'!$B$5:$B$33,"Respuesta") -> 4 | C17: =COUNTIFS('Registro de Despliegue'!$B$5:$B$33,"Respuesta",'Registro de Despliegue'!$F$5:$F$33,"Completado") -> 0 | D17: =COUNTIFS('Registro de Despliegue'!$B$5:$B$33,"Respuesta",'Registro de Despliegue'!$F$5:$F$33,"En progreso") -> 0 | E17: =COUNTIFS('Registro de Despliegue'!$B$5:$B$33,"Respuesta",'Registro de Despliegue'!$F$5:$F$33,"Pendiente") -> 4 | F17: =IFERROR(C17/B17,0) -> 0
A18: Recuperación | B18: =COUNTIF('Registro de Despliegue'!$B$5:$B$33,"Recuperación") -> 5 | C18: =COUNTIFS('Registro de Despliegue'!$B$5:$B$33,"Recuperación",'Registro de Despliegue'!$F$5:$F$33,"Completado") -> 0 | D18: =COUNTIFS('Registro de Despliegue'!$B$5:$B$33,"Recuperación",'Registro de Despliegue'!$F$5:$F$33,"En progreso") -> 0 | E18: =COUNTIFS('Registro de Despliegue'!$B$5:$B$33,"Recuperación",'Registro de Despliegue'!$F$5:$F$33,"Pendiente") -> 5 | F18: =IFERROR(C18/B18,0) -> 0

Sheet Instructivo
A1: Instructivo de Uso — Plantilla de Listado de Despliegue
A3: Propósito
A4: Esta plantilla permite a los equipos de TI registrar y dar seguimiento al despliegue de las actividades descritas en el Capítulo 03 – Firewall, organizadas según las seis funciones de NIST CSF 2.0 (Gobernanza, Identificación, Protección, Detección, Respuesta y Recuperación).
A6: Hoja "Registro de Despliegue"
A7: Contiene las 29 actividades del capítulo. Las columnas N°, Función NIST, Actividad y Nivel de madurez objetivo están prellenadas y no deben modificarse. Complete, para cada actividad: Responsable (persona o rol a cargo), Estado (seleccione de la lista desplegable: Pendiente, En progreso, Completado o No aplica), Fecha objetivo, Fecha completado y Evidencia / Observaciones (enlace, ticket, captura o comentario que respalde el cumplimiento).
A9: Nivel de madurez objetivo
A10: Referencia al modelo de tres niveles (mínimo / intermedio / avanzado) utilizado en el libro. Indica el nivel mínimo esperado para dar por cumplida la actividad; el equipo puede ajustarlo según el perfil de riesgo de la organización.
A12: Estados y colores
A13: El color de fondo de la columna Estado cambia automáticamente: rojo (Pendiente), ámbar (En progreso), verde (Completado) y gris (No aplica).
A15: Hoja "Dashboard"
A16: Se actualiza automáticamente a partir del Registro de Despliegue mediante fórmulas (COUNTA, COUNTIF, COUNTIFS). Muestra el resumen general, el porcentaje de avance total y el avance desglosado por cada función NIST. No requiere edición manual.
A18: Recomendación de uso
A19: Revisar y actualizar la plantilla en cada reunión de seguimiento del proyecto de segurización del firewall. Se sugiere conservar un histórico (copia con fecha) en cada hito relevante del despliegue.
