Workbook

Sheet KRI Firewall
A1: Indicadores Clave de Riesgo (KRI) — Firewall
A2: Capítulo 3 · Ciberprotección para PyMES · Función de Detección · NIST CSF 2.0
A4: ID | B4: Indicador (KRI) | C4: Descripción | D4: Umbral de Alerta | E4: Valor Actual | F4: Estado | G4: Acción Esperada | H4: Responsable | I4: Fecha de Revisión
A5: KRI-FW-01 | B5: Intentos de acceso bloqueados | C5: Conexiones rechazadas por las reglas del firewall en 24 horas | D5: Incremento >30% respecto al promedio de los últimos 7 días | G5: Revisar logs, identificar origen, evaluar bloqueo permanente
A6: KRI-FW-02 | B6: Intentos fallidos de autenticación en consola | C6: Intentos de inicio de sesión fallidos sobre la interfaz de administración | D6: >5 intentos en <10 min desde una misma IP | G6: Bloquear IP de origen, revisar logs de acceso, notificar al responsable de TI
A7: KRI-FW-03 | B7: Alertas IDS/IPS activas | C7: Alertas generadas por el motor de detección de intrusiones en 24 horas | D7: >10 alertas severidad media o >1 alerta severidad alta | G7: Clasificar alertas, priorizar las de alta severidad, iniciar investigación
A8: KRI-FW-04 | B8: Reglas sin tráfico en 90 días | C8: Reglas del ruleset que no han procesado ningún paquete en el período | D8: >10% del total de reglas activas sin uso | G8: Revisar y depurar ruleset; eliminar o deshabilitar reglas obsoletas
A9: KRI-FW-05 | B9: Días desde última actualización de firmware | C9: Tiempo transcurrido desde la última actualización del SO del firewall | D9: >90 días sin actualización | G9: Evaluar actualizaciones del fabricante; programar ventana de mantenimiento
A10: KRI-FW-06 | B10: Días desde última revisión del ruleset | C10: Tiempo desde la última auditoría formal de reglas del firewall | D10: >180 días sin revisión formal | G10: Programar revisión de reglas; comparar contra política de puertos aprobada
A11: KRI-FW-07 | B11: Sesiones VPN concurrentes activas | C11: Número de túneles VPN activos simultáneamente | D11: >80% de la capacidad licenciada o configurada | G11: Revisar sesiones activas, identificar conexiones inusuales o de larga duración
A13: ⚙ El campo "Estado" admite los valores: OK · Alerta · Crítico · — (seleccionar desde el menú desplegable de cada celda)

Sheet Dashboard
A1: Dashboard · KRI Firewall
A2: Resumen de estado de indicadores — actualización manual
A4: Total KRI | B4: OK | C4: Alerta | D4: Crítico | E4: Sin estado
A5: =COUNTA('KRI Firewall'!A5:A11) -> 7 | B5: =COUNTIF('KRI Firewall'!F5:F11,"OK") -> 0 | C5: =COUNTIF('KRI Firewall'!F5:F11,"Alerta") -> 0 | D5: =COUNTIF('KRI Firewall'!F5:F11,"Crítico") -> 0 | E5: =COUNTIF('KRI Firewall'!F5:F11,"—")+COUNTBLANK('KRI Firewall'!F5:F11) -> 7
A8: ID | B8: Indicador (KRI) | C8: Valor Actual | D8: Estado | E8: Responsable | F8: Fecha Revisión
A9: ='KRI Firewall'!A5 -> KRI-FW-01 | B9: ='KRI Firewall'!B5 -> Intentos de acceso bloqueados | C9: ='KRI Firewall'!E5 -> 0 | D9: ='KRI Firewall'!F5 -> 0 | E9: ='KRI Firewall'!H5 -> 0 | F9: ='KRI Firewall'!I5 -> 0
A10: ='KRI Firewall'!A6 -> KRI-FW-02 | B10: ='KRI Firewall'!B6 -> Intentos fallidos de autenticación en consola | C10: ='KRI Firewall'!E6 -> 0 | D10: ='KRI Firewall'!F6 -> 0 | E10: ='KRI Firewall'!H6 -> 0 | F10: ='KRI Firewall'!I6 -> 0
A11: ='KRI Firewall'!A7 -> KRI-FW-03 | B11: ='KRI Firewall'!B7 -> Alertas IDS/IPS activas | C11: ='KRI Firewall'!E7 -> 0 | D11: ='KRI Firewall'!F7 -> 0 | E11: ='KRI Firewall'!H7 -> 0 | F11: ='KRI Firewall'!I7 -> 0
A12: ='KRI Firewall'!A8 -> KRI-FW-04 | B12: ='KRI Firewall'!B8 -> Reglas sin tráfico en 90 días | C12: ='KRI Firewall'!E8 -> 0 | D12: ='KRI Firewall'!F8 -> 0 | E12: ='KRI Firewall'!H8 -> 0 | F12: ='KRI Firewall'!I8 -> 0
A13: ='KRI Firewall'!A9 -> KRI-FW-05 | B13: ='KRI Firewall'!B9 -> Días desde última actualización de firmware | C13: ='KRI Firewall'!E9 -> 0 | D13: ='KRI Firewall'!F9 -> 0 | E13: ='KRI Firewall'!H9 -> 0 | F13: ='KRI Firewall'!I9 -> 0
A14: ='KRI Firewall'!A10 -> KRI-FW-06 | B14: ='KRI Firewall'!B10 -> Días desde última revisión del ruleset | C14: ='KRI Firewall'!E10 -> 0 | D14: ='KRI Firewall'!F10 -> 0 | E14: ='KRI Firewall'!H10 -> 0 | F14: ='KRI Firewall'!I10 -> 0
A15: ='KRI Firewall'!A11 -> KRI-FW-07 | B15: ='KRI Firewall'!B11 -> Sesiones VPN concurrentes activas | C15: ='KRI Firewall'!E11 -> 0 | D15: ='KRI Firewall'!F11 -> 0 | E15: ='KRI Firewall'!H11 -> 0 | F15: ='KRI Firewall'!I11 -> 0
A17: Actualizar los valores en la hoja «KRI Firewall». Este dashboard se recalcula automáticamente.

Sheet Instructivo
A1: Instructivo de uso · Plantilla KRI Firewall
A3: Propósito | B3: Esta plantilla permite registrar y hacer seguimiento a los Indicadores Clave de Riesgo (KRI) del servicio de firewall, según lo definido en la Función de Detección del capítulo 3.
A4: Hoja KRI Firewall | B4: Registro principal. Completar las columnas «Valor Actual», «Estado», «Responsable» y «Fecha de Revisión» en cada ciclo de revisión (semanal para KRI-FW-01 a KRI-FW-03; mensual para KRI-FW-04 a KRI-FW-07).
A5: Columna Estado | B5: Seleccionar desde el menú desplegable: OK (dentro del umbral), Alerta (cerca del límite), Crítico (umbral superado, acción inmediata requerida), — (sin dato disponible aún).
A6: Hoja Dashboard | B6: Vista ejecutiva con conteo automático de estados. Se actualiza al modificar la hoja principal. No editar directamente; los datos provienen de fórmulas vinculadas.
A7: Frecuencia de revisión | B7: Semanal: KRI-FW-01, KRI-FW-02, KRI-FW-03. Mensual: KRI-FW-04, KRI-FW-05, KRI-FW-06, KRI-FW-07. Programar en el Calendario NSOC (ver capítulo 1).
A8: Personalización de umbrales | B8: Los umbrales incluidos son referencias orientativas para entornos PyME. Ajustar según la línea base propia de la organización (volumen de tráfico normal, capacidad VPN, política de actualizaciones vigente).
A9: Nombre del archivo | B9: Convención recomendada: cap03_kri_firewall_AAAA-MM.xlsx
