Workbook

Sheet Inventario
A1: CIBERPROTECCIÓN PARA PyMES · Capítulo 9 — Aplicaciones
A2: Inventario de Aplicaciones
A3: N° | B3: Nombre de la aplicación | C3: Proveedor / Desarrollador | D3: Tipo | E3: Categoría funcional | F3: Entorno de ejecución | G3: Versión instalada | H3: Estado de licenciamiento | I3: Propietario funcional | J3: Responsable técnico | K3: Naturaleza de los datos | L3: Nivel de criticidad | M3: Fecha de puesta en producción | N3: Fecha de última actualización | O3: Observaciones
A4: 1
A5: 2
A6: 3
A7: 4
A8: 5
A9: 6
A10: 7
A11: 8
A12: 9
A13: 10
A14: 11
A15: 12
... A33: 30

Sheet Dashboard
A1: CIBERPROTECCIÓN PARA PyMES · Capítulo 9 — Aplicaciones
A2: Dashboard — Inventario de Aplicaciones
A4: Por nivel de criticidad
A5: Crítica | B5: =COUNTIF(Inventario!L4:L33,"Crítica") -> 0
A6: Alta | B6: =COUNTIF(Inventario!L4:L33,"Alta") -> 0
A7: Media | B7: =COUNTIF(Inventario!L4:L33,"Media") -> 0
A8: Baja | B8: =COUNTIF(Inventario!L4:L33,"Baja") -> 0
A9: TOTAL | B9: =SUM(B5:B8) -> 0
A11: Por tipo
A12: Comercial | B12: =COUNTIF(Inventario!D4:D33,"Comercial") -> 0
A13: Desarrollo propio | B13: =COUNTIF(Inventario!D4:D33,"Desarrollo propio") -> 0
A14: TOTAL | B14: =SUM(B12:B13) -> 0
A16: Por categoría funcional
A17: ERP | B17: =COUNTIF(Inventario!E4:E33,"ERP") -> 0
A18: CRM | B18: =COUNTIF(Inventario!E4:E33,"CRM") -> 0
A19: Contabilidad y Finanzas | B19: =COUNTIF(Inventario!E4:E33,"Contabilidad y Finanzas") -> 0
A20: Nómina / RR. HH. | B20: =COUNTIF(Inventario!E4:E33,"Nómina / RR. HH.") -> 0
A21: Ofimática | B21: =COUNTIF(Inventario!E4:E33,"Ofimática") -> 0
A22: Correo electrónico | B22: =COUNTIF(Inventario!E4:E33,"Correo electrónico") -> 0
A23: Comunicaciones y colaboración | B23: =COUNTIF(Inventario!E4:E33,"Comunicaciones y colaboración") -> 0
A24: Gestión de proyectos | B24: =COUNTIF(Inventario!E4:E33,"Gestión de proyectos") -> 0
A25: Diseño / Creatividad | B25: =COUNTIF(Inventario!E4:E33,"Diseño / Creatividad") -> 0
A26: Seguridad | B26: =COUNTIF(Inventario!E4:E33,"Seguridad") -> 0
A27: Otra | B27: =COUNTIF(Inventario!E4:E33,"Otra") -> 0
A28: TOTAL | B28: =SUM(B17:B27) -> 0
A30: Por entorno de ejecución
A31: Local | B31: =COUNTIF(Inventario!F4:F33,"Local") -> 0
A32: On-premise | B32: =COUNTIF(Inventario!F4:F33,"On-premise") -> 0
A33: Nube | B33: =COUNTIF(Inventario!F4:F33,"Nube") -> 0
A34: SaaS | B34: =COUNTIF(Inventario!F4:F33,"SaaS") -> 0
A35: TOTAL | B35: =SUM(B31:B34) -> 0
A37: Por estado de licenciamiento
A38: Vigente | B38: =COUNTIF(Inventario!H4:H33,"Vigente") -> 0
A39: Próximo a vencer | B39: =COUNTIF(Inventario!H4:H33,"Próximo a vencer") -> 0
A40: Vencida | B40: =COUNTIF(Inventario!H4:H33,"Vencida") -> 0
A41: No aplica | B41: =COUNTIF(Inventario!H4:H33,"No aplica") -> 0
A42: TOTAL | B42: =SUM(B38:B41) -> 0
A44: Nota: registre cada aplicación en la hoja Inventario. Este dashboard se actualiza automáticamente.
