Workbook

Sheet Checklist
A1: CIBERPROTECCIÓN PARA PyMES · Capítulo 13- Cloud
A2: Lista de Verificación — Computación en la Nube
A3: Función | B3: N° | C3: Actividad | D3: Estado | E3: Responsable | F3: Fecha de ejecución | G3: Observaciones
A4: GOBERNANZA | B4: 1 | C4: Establecer la Política de Uso de Servicios en la Nube | D4: Pendiente
B5: 2 | C5: Mantener el listado de proveedores de nube autorizados | D5: Pendiente
B6: 3 | C6: Definir el Proceso de Aprobación de Nuevos Servicios Cloud | D6: Pendiente
A7: IDENTIFICACIÓN | B7: 1 | C7: Levantar el listado de servicios en la nube | D7: Pendiente
B8: 2 | C8: Determinar la criticidad de los servicios | D8: Pendiente
B9: 3 | C9: Establecer los Indicadores Clave de Riesgo (KRI) | D9: Pendiente
B10: 4 | C10: Establecer la Línea Base de Seguridad | D10: Pendiente
B11: 5 | C11: Crear o actualizar el diagrama de red | D11: Pendiente
A12: PROTECCIÓN | B12: 1 | C12: Fortalecer la gestión de identidades | D12: Pendiente
B13: 2 | C13: Segurizar el entorno de nube pública | D13: Pendiente
B14: 3 | C14: Ejecutar cifrado de datos y gestión de secretos | D14: Pendiente
B15: 4 | C15: Ejecutar copias de seguridad | D15: Pendiente
B16: 5 | C16: Ejecutar mantenimientos preventivos periódicos | D16: Pendiente
A17: DETECCIÓN | B17: 1 | C17: Habilitar el registro de actividad (logging) | D17: Pendiente
B18: 2 | C18: Desplegar sistemas de detección de vulnerabilidades | D18: Pendiente
B19: 3 | C19: Suscribirse a boletines de alerta | D19: Pendiente
A20: RESPUESTA | B20: 1 | C20: Diseñar el Plan de Recuperación ante Desastres (DRP) | D20: Pendiente
B21: 2 | C21: Ejecutar pruebas de recuperación de desastres | D21: Pendiente
A22: RECUPERACIÓN | B22: 1 | C22: Identificar y resolver la causa raíz | D22: Pendiente
B23: 2 | C23: Restaurar los servicios afectados | D23: Pendiente
B24: 3 | C24: Verificar la integridad del entorno recuperado | D24: Pendiente
B25: 4 | C25: Recopilar evidencia forense | D25: Pendiente
B26: 5 | C26: Ejecutar el análisis post-mortem | D26: Pendiente
A27: TOTAL ACTIVIDADES | C27: 23

Sheet Dashboard
A1: CIBERPROTECCIÓN PARA PyMES · Capítulo 13- Cloud
A2: Dashboard — Estado de Implementación
A3: Función | B3: Total actividades | C3: Pendiente | D3: En progreso | E3: Completada | F3: No aplica
A4: GOBERNANZA | B4: 3 | C4: =COUNTIF(Checklist!D4:D6,"Pendiente") -> 3 | D4: =COUNTIF(Checklist!D4:D6,"En progreso") -> 0 | E4: =COUNTIF(Checklist!D4:D6,"Completada") -> 0 | F4: =COUNTIF(Checklist!D4:D6,"No aplica") -> 0
A5: IDENTIFICACIÓN | B5: 5 | C5: =COUNTIF(Checklist!D7:D11,"Pendiente") -> 5 | D5: =COUNTIF(Checklist!D7:D11,"En progreso") -> 0 | E5: =COUNTIF(Checklist!D7:D11,"Completada") -> 0 | F5: =COUNTIF(Checklist!D7:D11,"No aplica") -> 0
A6: PROTECCIÓN | B6: 5 | C6: =COUNTIF(Checklist!D12:D16,"Pendiente") -> 5 | D6: =COUNTIF(Checklist!D12:D16,"En progreso") -> 0 | E6: =COUNTIF(Checklist!D12:D16,"Completada") -> 0 | F6: =COUNTIF(Checklist!D12:D16,"No aplica") -> 0
A7: DETECCIÓN | B7: 3 | C7: =COUNTIF(Checklist!D17:D19,"Pendiente") -> 3 | D7: =COUNTIF(Checklist!D17:D19,"En progreso") -> 0 | E7: =COUNTIF(Checklist!D17:D19,"Completada") -> 0 | F7: =COUNTIF(Checklist!D17:D19,"No aplica") -> 0
A8: RESPUESTA | B8: 2 | C8: =COUNTIF(Checklist!D20:D21,"Pendiente") -> 2 | D8: =COUNTIF(Checklist!D20:D21,"En progreso") -> 0 | E8: =COUNTIF(Checklist!D20:D21,"Completada") -> 0 | F8: =COUNTIF(Checklist!D20:D21,"No aplica") -> 0
A9: RECUPERACIÓN | B9: 5 | C9: =COUNTIF(Checklist!D22:D26,"Pendiente") -> 5 | D9: =COUNTIF(Checklist!D22:D26,"En progreso") -> 0 | E9: =COUNTIF(Checklist!D22:D26,"Completada") -> 0 | F9: =COUNTIF(Checklist!D22:D26,"No aplica") -> 0
A10: TOTAL GENERAL | B10: =SUM(B4:B9) -> 23 | C10: =SUM(C4:C9) -> 23 | D10: =SUM(D4:D9) -> 0 | E10: =SUM(E4:E9) -> 0 | F10: =SUM(F4:F9) -> 0
A12: Nota: cambie el estado de cada actividad en la hoja Checklist. Este dashboard se actualiza automáticamente.

Sheet Instructivo
A1: CIBERPROTECCIÓN PARA PyMES · Capítulo 13- Cloud
A2: Instructivo de uso
A3: Campo | B3: Descripción
A4: Función | B4: Función del NIST CSF 2.0 (Gobernanza, Identificación, Protección, Detección, Respuesta, Recuperación) a la que pertenece la actividad, según el desarrollo del Capítulo 13- Cloud.
A5: N° | B5: Número secuencial de la actividad dentro de su función.
A6: Actividad | B6: Actividad de segurización descrita en el capítulo. Corresponde a las secciones desarrolladas dentro de cada función.
A7: Estado | B7: Estado de avance de la actividad. Seleccionar de la lista desplegable: Pendiente, En progreso, Completada, No aplica.
A8: Responsable | B8: Nombre o rol de la persona responsable de ejecutar o dar seguimiento a la actividad.
A9: Fecha de ejecución | B9: Fecha en la que la actividad fue completada o en la que se actualizó su estado por última vez.
A10: Observaciones | B10: Notas adicionales, hallazgos, o justificación cuando el estado sea 'No aplica'.
A12: Dashboard | B12: La hoja 'Dashboard' resume automáticamente, por función, la cantidad de actividades en cada estado, mediante fórmulas COUNTIF sobre la hoja Checklist. No requiere edición manual.
