Workbook

Sheet KRIs Cloud
A1: INDICADORES CLAVE DE RIESGO (KRI) — SERVICIOS CLOUD
A2: Capítulo 13 · Ciberprotección para PyMES. Guía Práctica. · Mauricio Vergara
A3: IDENTIFICACIÓN DEL KRI | D3: UMBRALES | G3: MEDICIÓN ACTUAL | J3: ESTADO | L3: RESPONSABLE Y FRECUENCIA | N3: ACCIONES
A4: ID | B4: Nombre del KRI | C4: Área de riesgo | D4: Umbral Verde (Aceptable) | E4: Umbral Amarillo (Alerta) | F4: Umbral Rojo (Crítico) | G4: Valor Anterior | H4: Valor Actual | I4: Tendencia (↑ ↓ →) | J4: Estado Actual | K4: Fecha de Medición | L4: Responsable | M4: Frecuencia de Medición | N4: Acción Requerida | O4: Fecha Límite de Acción
A5: KRI-C01 | B5: Buckets / contenedores con acceso público | C5: Configuración | D5: 0 | E5: 1-2 | F5: ≥3 | G5: 0 | H5: 1 | I5: ↑ | J5: ALERTA | K5: 2024-03-01 | L5: Líder de TI | M5: Semanal | N5: Revisar y restringir permisos del bucket expuesto | O5: 2024-03-08
A6: KRI-C02 | B6: Servicios sin cifrado habilitado | C6: Configuración | D6: 0 | E6: 1-3 | F6: ≥4 | G6: 2 | H6: 2 | I6: → | J6: ALERTA | K6: 2024-03-01 | L6: Líder de TI | M6: Mensual | N6: Habilitar cifrado en reposo y en tránsito | O6: 2024-03-31
A7: KRI-C03 | B7: Credenciales detectadas en código fuente | C7: Configuración | D7: 0 | E7: 1 | F7: ≥2 | G7: 0 | H7: 0 | I7: → | J7: OK | K7: 2024-03-01 | L7: Líder de Desarrollo | M7: Semanal | N7: Ninguna acción requerida | O7: -
A8: KRI-C04 | B8: Desviaciones de línea base de configuración | C8: Configuración | D8: 0-2 | E8: 3-5 | F8: ≥6 | G8: 3 | H8: 4 | I8: ↑ | J8: ALERTA | K8: 2024-03-01 | L8: Líder de TI | M8: Mensual | N8: Remediar configuraciones fuera de línea base | O8: 2024-03-31
A9: KRI-I01 | B9: Cuentas de administrador activas | C9: Identidad y acceso | D9: 1-2 | E9: 3-4 | F9: ≥5 | G9: 2 | H9: 3 | I9: ↑ | J9: ALERTA | K9: 2024-03-01 | L9: Administrador Cloud | M9: Mensual | N9: Revisar necesidad de cuentas admin adicionales | O9: 2024-03-15
A10: KRI-I02 | B10: Cuentas sin MFA habilitado | C10: Identidad y acceso | D10: 0 | E10: 1-2 | F10: ≥3 | G10: 1 | H10: 0 | I10: ↓ | J10: OK | K10: 2024-03-01 | L10: Administrador Cloud | M10: Mensual | N10: Ninguna acción requerida | O10: -
A11: KRI-I03 | B11: Credenciales sin rotación > 90 días | C11: Identidad y acceso | D11: 0 | E11: 1-3 | F11: ≥4 | G11: 5 | H11: 2 | I11: ↓ | J11: ALERTA | K11: 2024-03-01 | L11: Administrador Cloud | M11: Mensual | N11: Completar rotación de credenciales pendientes | O11: 2024-03-20
A12: KRI-I04 | B12: Cuentas inactivas con acceso vigente | C12: Identidad y acceso | D12: 0 | E12: 1-2 | F12: ≥3 | G12: 0 | H12: 1 | I12: ↑ | J12: ALERTA | K12: 2024-03-01 | L12: Administrador Cloud | M12: Mensual | N12: Deshabilitar o eliminar cuenta inactiva | O12: 2024-03-10
A13: KRI-M01 | B13: Servicios sin logging habilitado | C13: Monitoreo | D13: 0 | E13: 1-2 | F13: ≥3 | G13: 2 | H13: 1 | I13: ↓ | J13: ALERTA | K13: 2024-03-01 | L13: Líder de TI | M13: Mensual | N13: Habilitar logging en servicio pendiente | O13: 2024-03-20
A14: KRI-M02 | B14: Alertas de seguridad sin atender > 48h | C14: Monitoreo | D14: 0 | E14: 1-3 | F14: ≥4 | G14: 0 | H14: 2 | I14: ↑ | J14: ALERTA | K14: 2024-03-01 | L14: Líder de TI | M14: Diaria | N14: Revisar y clasificar alertas pendientes | O14: 2024-03-03
A15: KRI-M03 | B15: % servicios integrados al SIEM | C15: Monitoreo | D15: ≥80% | E15: 50-79% | F15: <50% | G15: 60% | H15: 65% | I15: ↑ | J15: ALERTA | K15: 2024-03-01 | L15: Líder de TI | M15: Trimestral | N15: Planificar integración de servicios faltantes | O15: 2024-06-30
... A23: KRI-V02 | B23: Servicios ejecutando versiones fuera de soporte | C23: Vulnerabilidades | D23: 0 | E23: 1 | F23: ≥2 | G23: 0 | H23: 1 | I23: ↑ | J23: ALERTA | K23: 2024-03-01 | L23: Administrador Cloud | M23: Mensual | N23: Actualizar o migrar servicio fuera de soporte | O23: 2024-03-31

Sheet Tablero Resumen
A1: TABLERO RESUMEN — KRIs CLOUD
A2: Resumen automático generado a partir de la hoja KRIs Cloud
A4: TOTAL KRIs | B4: EN OK | C4: EN ALERTA | D4: CRÍTICOS | E4: % Cumplimiento (OK / Total)
A5: =COUNTA('KRIs Cloud'!A5:A100)-COUNTBLANK('KRIs Cloud'!A5:A100) -> -58 | B5: =COUNTIF('KRIs Cloud'!J5:J100,"OK") -> 5 | C5: =COUNTIF('KRIs Cloud'!J5:J100,"ALERTA") -> 13 | D5: =COUNTIF('KRIs Cloud'!J5:J100,"CRITICO") -> 1 | E5: =IF(A5=0,0,B5/A5) -> -0.086206897
A7: DETALLE POR ÁREA DE RIESGO
A8: Área de Riesgo | B8: Total KRIs | C8: OK | D8: Alerta | E8: Crítico | F8: % OK
A9: Configuración | B9: =COUNTIF('KRIs Cloud'!C5:C100,A9) -> 4 | C9: =COUNTIFS('KRIs Cloud'!C5:C100,A9,'KRIs Cloud'!J5:J100,"OK") -> 1 | D9: =COUNTIFS('KRIs Cloud'!C5:C100,A9,'KRIs Cloud'!J5:J100,"ALERTA") -> 3 | E9: =COUNTIFS('KRIs Cloud'!C5:C100,A9,'KRIs Cloud'!J5:J100,"CRITICO") -> 0 | F9: =IF(B9=0,"-",TEXT(C9/B9,"0.0%")) -> 25%
A10: Identidad y acceso | B10: =COUNTIF('KRIs Cloud'!C5:C100,A10) -> 4 | C10: =COUNTIFS('KRIs Cloud'!C5:C100,A10,'KRIs Cloud'!J5:J100,"OK") -> 1 | D10: =COUNTIFS('KRIs Cloud'!C5:C100,A10,'KRIs Cloud'!J5:J100,"ALERTA") -> 3 | E10: =COUNTIFS('KRIs Cloud'!C5:C100,A10,'KRIs Cloud'!J5:J100,"CRITICO") -> 0 | F10: =IF(B10=0,"-",TEXT(C10/B10,"0.0%")) -> 25%
A11: Monitoreo | B11: =COUNTIF('KRIs Cloud'!C5:C100,A11) -> 3 | C11: =COUNTIFS('KRIs Cloud'!C5:C100,A11,'KRIs Cloud'!J5:J100,"OK") -> 0 | D11: =COUNTIFS('KRIs Cloud'!C5:C100,A11,'KRIs Cloud'!J5:J100,"ALERTA") -> 3 | E11: =COUNTIFS('KRIs Cloud'!C5:C100,A11,'KRIs Cloud'!J5:J100,"CRITICO") -> 0 | F11: =IF(B11=0,"-",TEXT(C11/B11,"0.0%")) -> 00%
A12: Continuidad | B12: =COUNTIF('KRIs Cloud'!C5:C100,A12) -> 3 | C12: =COUNTIFS('KRIs Cloud'!C5:C100,A12,'KRIs Cloud'!J5:J100,"OK") -> 2 | D12: =COUNTIFS('KRIs Cloud'!C5:C100,A12,'KRIs Cloud'!J5:J100,"ALERTA") -> 1 | E12: =COUNTIFS('KRIs Cloud'!C5:C100,A12,'KRIs Cloud'!J5:J100,"CRITICO") -> 0 | F12: =IF(B12=0,"-",TEXT(C12/B12,"0.0%")) -> 67%
A13: Gobierno | B13: =COUNTIF('KRIs Cloud'!C5:C100,A13) -> 3 | C13: =COUNTIFS('KRIs Cloud'!C5:C100,A13,'KRIs Cloud'!J5:J100,"OK") -> 1 | D13: =COUNTIFS('KRIs Cloud'!C5:C100,A13,'KRIs Cloud'!J5:J100,"ALERTA") -> 2 | E13: =COUNTIFS('KRIs Cloud'!C5:C100,A13,'KRIs Cloud'!J5:J100,"CRITICO") -> 0 | F13: =IF(B13=0,"-",TEXT(C13/B13,"0.0%")) -> 33%
A14: Vulnerabilidades | B14: =COUNTIF('KRIs Cloud'!C5:C100,A14) -> 2 | C14: =COUNTIFS('KRIs Cloud'!C5:C100,A14,'KRIs Cloud'!J5:J100,"OK") -> 0 | D14: =COUNTIFS('KRIs Cloud'!C5:C100,A14,'KRIs Cloud'!J5:J100,"ALERTA") -> 1 | E14: =COUNTIFS('KRIs Cloud'!C5:C100,A14,'KRIs Cloud'!J5:J100,"CRITICO") -> 1 | F14: =IF(B14=0,"-",TEXT(C14/B14,"0.0%")) -> 00%

Sheet Guía de Uso
A1: GUÍA DE USO — PLANTILLA KRIs CLOUD
A3: LEYENDA DE ESTADOS
A4: OK | B4: El valor medido se encuentra dentro del umbral aceptable. No requiere acción inmediata.
A5: ALERTA | B5: El valor medido supera el umbral verde. Requiere atención y plan de acción en el corto plazo.
A6: CRITICO | B6: El valor medido supera el umbral rojo. Requiere acción inmediata y escalamiento.
A8: INSTRUCCIONES DE USO
A9: ¿Cómo registrar un nuevo KRI? | B9: Agrega una fila en la hoja 'KRIs Cloud'. Asigna un ID correlativo (KRI-X00), completa todos los campos y define los tres umbrales. El Tablero Resumen se actualiza automáticamente.
A10: ¿Con qué frecuencia medir? | B10: Cada KRI tiene su propia frecuencia recomendada (diaria, semanal, mensual, trimestral). Actualiza el campo 'Valor Actual' y 'Fecha de Medición' cada vez que realices la medición.
A11: ¿Cómo interpretar la tendencia? | B11: Usa ↑ si el valor empeoró respecto al periodo anterior, ↓ si mejoró, → si se mantuvo igual. Una tendencia ↑ en un KRI de riesgo es siempre una señal de alerta aunque el estado sea OK.
A12: ¿Cómo definir los umbrales? | B12: Los umbrales deben reflejar la tolerancia al riesgo de tu organización. Como referencia, los umbrales precargados son conservadores y adecuados para PyMES. Revísalos con tu equipo al inicio de cada año.
A13: ¿Qué hacer cuando un KRI está en CRITICO? | B13: Escala de inmediato al responsable del servicio y a la dirección. Documenta la acción correctiva en la columna 'Acción Requerida' y establece una fecha límite realista.
A14: Relación con el inventario de servicios | B14: Este archivo complementa la plantilla 'inventario_servicios_cloud.xlsx'. Los KRIs de gobierno (KRI-G01 a KRI-G03) deben medirse directamente desde el inventario.
