Workbook

Sheet Lista de Verificación
A1: Lista de Verificación — Cap. 5: Datos
A2: Ciberprotección para PyMES · NIST CSF 2.0 · © Mauricio Vergara Manjarrés
A3: # | B3: Función NIST | C3: Ítem de verificación | D3: Estado | E3: Responsable | F3: Fecha | G3: Observaciones
A4: 1 | B4: Función de Gobernanza | C4: Definir la Política de Gestión de Datos | D4: Pendiente
A5: 2 | C5: Definir la Tabla de Retención Documental | D5: Pendiente
A6: 3 | C6: Asignar propietarios de información por dominio funcional | D6: Pendiente
A7: 4 | C7: Establecer Políticas para Copias de Seguridad | D7: Pendiente
A8: 5 | C8: Establecer Política de compartición de documentos | D8: Pendiente
A9: 6 | B9: Función de Identificación | C9: Levantar fuentes de información | D9: Pendiente
A10: 7 | C10: Identificar datos expuestos fuera del perímetro | D10: Pendiente
A11: 8 | C11: Mapear flujos de datos entre sistemas | D11: Pendiente
A12: 9 | C12: Priorizar fuentes de información | D12: Pendiente
A13: 10 | C13: Determinar Indicadores Clave de Riesgo (KRI) | D13: Pendiente
A14: 11 | B14: Función de Protección | C14: (Re)crear repositorios de documentos | D14: Pendiente
A15: 12 | C15: Segurizar fuentes de información | D15: Pendiente
A16: 13 | C16: Habilitar conservación de archivos eliminados | D16: Pendiente
A17: 14 | C17: Cifrar datos en tránsito | D17: Pendiente
A18: 15 | C18: Controlar el uso de dispositivos de almacenamiento extraíble | D18: Pendiente
A19: 16 | C19: Instalar software para copias de seguridad | D19: Pendiente
A20: 17 | C20: Desplegar software anti ransomware | D20: Pendiente
A21: 18 | C21: Desplegar Política de compartición de documentos | D21: Pendiente
A22: 19 | C22: Ejecutar revisiones periódicas de acceso (Access Review) | D22: Pendiente
A23: 20 | B23: Función de Detección | C23: Definir Indicadores Clave de Riesgo (KRI) | D23: Pendiente
A24: 21 | C24: Auditar permisos sobre el sistema de archivos | D24: Pendiente
A25: 22 | C25: Auditar accesos al sistema de archivos | D25: Pendiente
A26: 23 | C26: Monitorizar servidor de backups | D26: Pendiente
A27: 24 | C27: Monitorizar ejecución de copias de seguridad | D27: Pendiente
A28: 25 | C28: Habilitar auditoría de accesos en motores de bases de datos | D28: Pendiente
A29: 26 | C29: Detectar transferencias de datos no autorizadas | D29: Pendiente
A30: 27 | B30: Función de Respuesta | C30: Documentar Plan de Recuperación de Desastres | D30: Pendiente
A31: 28 | C31: Programar restauraciones de prueba | D31: Pendiente
A32: 29 | C32: Contener el incidente | D32: Pendiente
A33: 30 | C33: Notificar a las partes afectadas | D33: Pendiente
A34: 31 | C34: Preservar evidencia antes de restaurar | D34: Pendiente
A35: 32 | B35: Función de Recuperación | C35: Recopilar evidencia forense | D35: Pendiente
A36: 33 | C36: Ejecutar recuperación de datos | D36: Pendiente
A37: 34 | C37: Ejecutar análisis post-mortem | D37: Pendiente

Sheet Dashboard
A1: Dashboard — Estado de Implementación · Cap. 5: Datos
A2: Se actualiza automáticamente al modificar la columna Estado de la hoja Lista de Verificación
A4: Función | B4: Total | C4: Pendiente | D4: En proceso | E4: Completado | F4: No aplica | G4: % Avance
A5: Función de Gobernanza | B5: =COUNTA('Lista de Verificación'!$D$4:$D$8) -> 5 | C5: =COUNTIF('Lista de Verificación'!$D$4:$D$8,"Pendiente") -> 5 | D5: =COUNTIF('Lista de Verificación'!$D$4:$D$8,"En proceso") -> 0 | E5: =COUNTIF('Lista de Verificación'!$D$4:$D$8,"Completado") -> 0 | F5: =COUNTIF('Lista de Verificación'!$D$4:$D$8,"No aplica") -> 0 | G5: =IF(B5-F5=0,0,E5/(B5-F5)) -> 0
A6: Función de Identificación | B6: =COUNTA('Lista de Verificación'!$D$9:$D$13) -> 5 | C6: =COUNTIF('Lista de Verificación'!$D$9:$D$13,"Pendiente") -> 5 | D6: =COUNTIF('Lista de Verificación'!$D$9:$D$13,"En proceso") -> 0 | E6: =COUNTIF('Lista de Verificación'!$D$9:$D$13,"Completado") -> 0 | F6: =COUNTIF('Lista de Verificación'!$D$9:$D$13,"No aplica") -> 0 | G6: =IF(B6-F6=0,0,E6/(B6-F6)) -> 0
A7: Función de Protección | B7: =COUNTA('Lista de Verificación'!$D$14:$D$22) -> 9 | C7: =COUNTIF('Lista de Verificación'!$D$14:$D$22,"Pendiente") -> 9 | D7: =COUNTIF('Lista de Verificación'!$D$14:$D$22,"En proceso") -> 0 | E7: =COUNTIF('Lista de Verificación'!$D$14:$D$22,"Completado") -> 0 | F7: =COUNTIF('Lista de Verificación'!$D$14:$D$22,"No aplica") -> 0 | G7: =IF(B7-F7=0,0,E7/(B7-F7)) -> 0
A8: Función de Detección | B8: =COUNTA('Lista de Verificación'!$D$23:$D$29) -> 7 | C8: =COUNTIF('Lista de Verificación'!$D$23:$D$29,"Pendiente") -> 7 | D8: =COUNTIF('Lista de Verificación'!$D$23:$D$29,"En proceso") -> 0 | E8: =COUNTIF('Lista de Verificación'!$D$23:$D$29,"Completado") -> 0 | F8: =COUNTIF('Lista de Verificación'!$D$23:$D$29,"No aplica") -> 0 | G8: =IF(B8-F8=0,0,E8/(B8-F8)) -> 0
A9: Función de Respuesta | B9: =COUNTA('Lista de Verificación'!$D$30:$D$34) -> 5 | C9: =COUNTIF('Lista de Verificación'!$D$30:$D$34,"Pendiente") -> 5 | D9: =COUNTIF('Lista de Verificación'!$D$30:$D$34,"En proceso") -> 0 | E9: =COUNTIF('Lista de Verificación'!$D$30:$D$34,"Completado") -> 0 | F9: =COUNTIF('Lista de Verificación'!$D$30:$D$34,"No aplica") -> 0 | G9: =IF(B9-F9=0,0,E9/(B9-F9)) -> 0
A10: Función de Recuperación | B10: =COUNTA('Lista de Verificación'!$D$35:$D$37) -> 3 | C10: =COUNTIF('Lista de Verificación'!$D$35:$D$37,"Pendiente") -> 3 | D10: =COUNTIF('Lista de Verificación'!$D$35:$D$37,"En proceso") -> 0 | E10: =COUNTIF('Lista de Verificación'!$D$35:$D$37,"Completado") -> 0 | F10: =COUNTIF('Lista de Verificación'!$D$35:$D$37,"No aplica") -> 0 | G10: =IF(B10-F10=0,0,E10/(B10-F10)) -> 0
A11: TOTAL GENERAL | B11: =SUM(B5:B10) -> 34 | C11: =SUM(C5:C10) -> 34 | D11: =SUM(D5:D10) -> 0 | E11: =SUM(E5:E10) -> 0 | F11: =SUM(F5:F10) -> 0 | G11: =IF(B11-F11=0,0,E11/(B11-F11)) -> 0
A13: % Avance = Completado / (Total − No aplica). Las actividades marcadas como No aplica no se cuentan en el avance.

Sheet Instructivo
A1: Instructivo — Lista de Verificación Datos
A2: Campo | B2: Descripción
A3: # | B3: Número secuencial del ítem de verificación.
A4: Función NIST | B4: Función del marco NIST CSF 2.0 a la que pertenece el ítem. Se muestra únicamente en la primera fila de cada bloque.
A5: Ítem de verificación | B5: Actividad que debe ser verificada por el equipo de TI. Corresponde a una sección del Capítulo 5 — Datos.
A6: Estado | B6: Seleccione del menú desplegable: Pendiente / En proceso / Completado / No aplica.
A7: Responsable | B7: Nombre o rol de la persona a cargo de ejecutar o verificar el ítem.
A8: Fecha | B8: Fecha de verificación o de último seguimiento (formato DD/MM/AAAA).
A9: Observaciones | B9: Notas adicionales, hallazgos, o referencias al ticket de seguimiento en el ITSM.
A10: Hoja Dashboard | B10: Resume automáticamente la cantidad de ítems en cada estado y el porcentaje de avance por función.
A12: Frecuencia sugerida | B12: Esta lista debe revisarse al menos trimestralmente. Los ítems de Protección y Respuesta requieren revisión tras cada cambio en las fuentes de información, en el software de copias de seguridad o en la Política de Copias de Seguridad.
A13: Fuente | B13: Ciberprotección para PyMES — Cap. 5: Datos — NIST CSF 2.0
A14: Repositorio | B14: https://github.com/MauricioVergaraMPC/ciberpymes/tree/main/Capitulo_05
