Workbook

Sheet Inventario NHI
A1: INVENTARIO DE IDENTIDADES NO HUMANAS (NHI)
A2: Capítulo 4 — Gestión de Identidades | [NOMBRE DE LA ORGANIZACIÓN]
A3: Versión: | B3: 1.0 | C3: Fecha actualización: | D3: [DD/MM/AAAA] | E3: Responsable: | F3: [Nombre del responsable de TI]
A4: ID | B4: Nombre / Identificador | C4: Tipo de Identidad | D4: Sistema o Aplicación Propietaria | E4: Descripción / Propósito | F4: Nivel de Privilegio | G4: Sistemas con Acceso | H4: Fecha de Creación | I4: Fecha de Expiración | J4: ¿Tiene Expiración? | K4: Responsable Humano | L4: Área Responsable | M4: ¿Credencial en Código? | N4: ¿Rotación Programada? | O4: Frecuencia de Rotación | P4: Última Rotación | Q4: Estado | R4: Observaciones
A5: NHI-001 | B5: svc_backup_agent | C5: Cuenta de servicio | D5: Veeam Backup | E5: Cuenta utilizada por el agente de respaldo para acceder al servidor de archivos | F5: Lectura / Escritura | G5: Servidor de archivos, NAS | H5: 01/03/2024 | I5: N/A | J5: No | K5: Juan Pérez | L5: TI | M5: No | N5: Sí | O5: Mensual | P5: 01/05/2026 | Q5: Activa
A6: NHI-002 | B6: token_crm_facturacion | C6: Token de API | D6: Salesforce CRM | E6: Token de integración entre el CRM y el sistema de facturación | F6: Solo lectura | G6: Sistema de facturación | H6: 15/01/2024 | I6: 15/01/2025 | J6: Sí | K6: María López | L6: Administración | M6: No | N6: Sí | O6: Anual | P6: 15/01/2025 | Q6: Vencida | R6: Renovar con urgencia
A7: NHI-003 | B7: aws_deploy_key | C7: Clave de acceso (AWS) | D7: AWS IAM | E7: Clave de despliegue para pipeline CI/CD | F7: Administrador | G7: Repositorio GitHub, AWS S3, Lambda | H7: 10/06/2023 | I7: N/A | J7: No | K7: Carlos Ruiz | L7: Desarrollo | M7: No | N7: No | O7: N/A | P7: N/A | Q7: Activa | R7: Revisar: sin rotación desde creación
A8: NHI-004 | B8: monitor_wazuh | C8: Cuenta de servicio | D8: Wazuh SIEM | E8: Cuenta de monitoreo con acceso de solo lectura a servidores | F8: Solo lectura | G8: Servidores Linux, Windows | H8: 20/09/2024 | I8: N/A | J8: No | K8: Carlos Ruiz | L8: TI | M8: No | N8: No | O8: N/A | P8: N/A | Q8: Activa
A9: NHI-005 | B9: svc_erp_db | C9: Cuenta de base de datos | D9: ERP corporativo | E9: Cuenta de conexión del ERP a la base de datos PostgreSQL | F9: Lectura / Escritura | G9: PostgreSQL prod | H9: 05/05/2022 | I9: N/A | J9: No | K9: [Sin asignar] | L9: TI | M9: Sí | N9: No | O9: N/A | P9: N/A | Q9: Activa | R9: ⚠ Credencial encontrada en archivo .env — revisar
A10: NHI-006
A11: NHI-007
A12: NHI-008
A13: NHI-009
A14: NHI-010
A15: NHI-011
A17: ⚠ Campos de atención: Estado = Vencida / Huérfana → revisión urgente | ¿Credencial en Código? = Sí → migrar a secrets vault de inmediato | ¿Rotación Programada? = No → definir plan de rotación

Sheet Dashboard
A1: DASHBOARD — IDENTIDADES NO HUMANAS (NHI)
A2: Resumen automático del inventario | [NOMBRE DE LA ORGANIZACIÓN]
A4: Total NHI registradas | B4: =COUNTA('Inventario NHI'!A5:A15) -> 11 | D4: Distribución por Tipo de Identidad
D5: Tipo de Identidad | E5: Cantidad | F5: % del total | G5: Estado
A6: NHI Activas | B6: =COUNTIF('Inventario NHI'!Q5:Q15,"Activa") -> 4 | D6: Cuenta de servicio | E6: =COUNTIF('Inventario NHI'!C5:C15,"Cuenta de servicio") -> 2 | F6: =IF(B4=0,0,E6/B4) -> 0.18181818 | G6: =IF(E6>0,"✓","—") -> ✓
D7: Token de API | E7: =COUNTIF('Inventario NHI'!C5:C15,"Token de API") -> 1 | F7: =IF(B4=0,0,E7/B4) -> 0.090909091 | G7: =IF(E7>0,"✓","—") -> ✓
A8: NHI Vencidas | B8: =COUNTIF('Inventario NHI'!Q5:Q15,"Vencida") -> 1 | D8: Clave de acceso (AWS) | E8: =COUNTIF('Inventario NHI'!C5:C15,"Clave de acceso (AWS)") -> 1 | F8: =IF(B4=0,0,E8/B4) -> 0.090909091 | G8: =IF(E8>0,"✓","—") -> ✓
D9: Clave de acceso (GCP) | E9: =COUNTIF('Inventario NHI'!C5:C15,"Clave de acceso (GCP)") -> 0 | F9: =IF(B4=0,0,E9/B4) -> 0 | G9: =IF(E9>0,"✓","—") -> —
A10: NHI Huérfanas | B10: =COUNTIF('Inventario NHI'!Q5:Q15,"Huérfana") -> 0 | D10: Clave de acceso (Azure) | E10: =COUNTIF('Inventario NHI'!C5:C15,"Clave de acceso (Azure)") -> 0 | F10: =IF(B4=0,0,E10/B4) -> 0 | G10: =IF(E10>0,"✓","—") -> —
D11: Cuenta de base de datos | E11: =COUNTIF('Inventario NHI'!C5:C15,"Cuenta de base de datos") -> 1 | F11: =IF(B4=0,0,E11/B4) -> 0.090909091 | G11: =IF(E11>0,"✓","—") -> ✓
A12: NHI Pendiente revisión | B12: =COUNTIF('Inventario NHI'!Q5:Q15,"Pendiente revisión") -> 0 | D12: Certificado | E12: =COUNTIF('Inventario NHI'!C5:C15,"Certificado") -> 0 | F12: =IF(B4=0,0,E12/B4) -> 0 | G12: =IF(E12>0,"✓","—") -> —
D13: Clave SSH | E13: =COUNTIF('Inventario NHI'!C5:C15,"Clave SSH") -> 0 | F13: =IF(B4=0,0,E13/B4) -> 0 | G13: =IF(E13>0,"✓","—") -> —
A14: Credencial expuesta en código | B14: =COUNTIF('Inventario NHI'!M5:M15,"Sí") -> 1 | D14: Script / Bot | E14: =COUNTIF('Inventario NHI'!C5:C15,"Script / Bot") -> 0 | F14: =IF(B4=0,0,E14/B4) -> 0 | G14: =IF(E14>0,"✓","—") -> —
D15: Otro | E15: =COUNTIF('Inventario NHI'!C5:C15,"Otro") -> 0 | F15: =IF(B4=0,0,E15/B4) -> 0 | G15: =IF(E15>0,"✓","—") -> —
A16: Sin rotación programada | B16: =COUNTIF('Inventario NHI'!N5:N15,"No") -> 3 | D16: TOTAL | E16: =SUM(E6:E15) -> 5 | F16: =IF(B4=0,0,E16/B4) -> 0.45454545
A18: Con rotación programada | B18: =COUNTIF('Inventario NHI'!N5:N15,"Sí") -> 2 | D18: Distribución por Nivel de Privilegio
D19: Nivel de Privilegio | E19: Cantidad | F19: % del total
D20: Solo lectura | E20: =COUNTIF('Inventario NHI'!F5:F15,"Solo lectura") -> 2 | F20: =IF(B4=0,0,E20/B4) -> 0.18181818
D21: Lectura / Escritura | E21: =COUNTIF('Inventario NHI'!F5:F15,"Lectura / Escritura") -> 2 | F21: =IF(B4=0,0,E21/B4) -> 0.18181818
D22: Administrador | E22: =COUNTIF('Inventario NHI'!F5:F15,"Administrador") -> 1 | F22: =IF(B4=0,0,E22/B4) -> 0.090909091
D23: Sin privilegios | E23: =COUNTIF('Inventario NHI'!F5:F15,"Sin privilegios") -> 0 | F23: =IF(B4=0,0,E23/B4) -> 0

Sheet Instructivo
A1: INSTRUCTIVO DE USO — INVENTARIO NHI
A2: Capítulo 4 — Gestión de Identidades y Accesos | Ciberprotección para PyMES
A4: COLUMNA | B4: CAMPO | C4: INSTRUCCIONES DE LLENADO
A5: A | B5: ID | C5: Identificador único de la identidad. Formato sugerido: NHI-001, NHI-002, etc. No modificar una vez asignado.
A6: B | B6: Nombre / Identificador | C6: Nombre exacto con el que la identidad aparece en el sistema: nombre de usuario, nombre del token, alias del certificado, etc.
A7: C | B7: Tipo de Identidad | C7: Seleccione el tipo desde la lista desplegable. Opciones: Cuenta de servicio, Token de API, Clave de acceso (AWS/GCP/Azure), Cuenta de base de datos, Certificado, Clave SSH, Script / Bot, Otro.
A8: D | B8: Sistema o Aplicación Propietaria | C8: Sistema o aplicación que utiliza o gestiona esta identidad (ej. Veeam, Salesforce, AWS IAM, PostgreSQL).
A9: E | B9: Descripción / Propósito | C9: Descripción breve del propósito de la identidad. Debe quedar claro por qué existe y qué hace.
A10: F | B10: Nivel de Privilegio | C10: Seleccione desde la lista: Solo lectura, Lectura / Escritura, Administrador, Sin privilegios. Aplicar principio de mínimo privilegio.
A11: G | B11: Sistemas con Acceso | C11: Liste todos los sistemas o recursos a los que esta identidad tiene acceso. Separar con coma si son varios.
A12: H | B12: Fecha de Creación | C12: Fecha en que se creó la identidad. Formato DD/MM/AAAA.
A13: I | B13: Fecha de Expiración | C13: Fecha de vencimiento si aplica. Escribir 'N/A' si no tiene expiración configurada.
A14: J | B14: ¿Tiene Expiración? | C14: Seleccione Sí o No. Si la respuesta es No, documente en Observaciones el motivo.
A15: K | B15: Responsable Humano | C15: Nombre de la persona responsable de esta identidad. Toda NHI debe tener un titular humano asignado. Nunca dejar en blanco.
... A29: Huérfana | B29: No tiene responsable humano asignado o su titular ya no pertenece a la organización | C29: Asignar nuevo responsable o eliminar de inmediato
A31: PERIODICIDAD | B31: ACTIVIDAD
A32: Mensual | B32: Revisar el inventario y actualizar estados. Detectar NHI vencidas u huérfanas.
A33: Trimestral | B33: Auditar que ninguna credencial esté embebida en código fuente.
A34: Según calendario | B34: Ejecutar rotación de credenciales de cuentas de servicio coordinando con sistemas dependientes.
A35: Anual | B35: Revisar y actualizar este inventario completo. Eliminar NHI desactivadas sin uso.
