Workbook

Sheet Matriz RBAC
A1: MATRIZ DE ROLES Y PERMISOS — CONTROL DE ACCESO BASADO EN ROLES (RBAC)
A2: Capítulo 4 — Gestión de Identidades | [NOMBRE DE LA ORGANIZACIÓN]
A3: Versión: | B3: 1.0 | C3: Fecha revisión: | D3: [DD/MM/AAAA] | E3: Aprobado por: | F3: [Nombre y cargo]
D4: Identidades | F4: Datos | G4: Aplicaciones | K4: Comunicaciones | M4: Desarrollo | O4: Infraestructura | R4: Seguridad | T4: Nube
A5: Rol | B5: Área | C5: Descripción | D5: Metadirectorio (AD/LDAP) | E5: Gestor de contraseñas | F5: Servidor de archivos | G5: ERP — módulo financiero | H5: ERP — módulo RRHH / nómina | I5: ERP — módulo inventarios | J5: CRM | K5: Correo corporativo | L5: Herramientas de colaboración | M5: Repositorio de código (Git) | N5: Entorno de desarrollo / staging | O5: Servidores en producción | P5: Infraestructura de red | Q5: VPN corporativa | R5: Consola de monitoreo (SIEM) | S5: Herramienta de backup | T5: Nube (consola de administración) | U5: Servicios SaaS del negocio
A6: Administrador de sistemas | B6: TI | C6: Gestión completa de infraestructura y usuarios | D6: ADM | E6: ADM | F6: ADM | G6: L | H6: L | I6: L | J6: L | K6: ADM | L6: L/E | M6: L | N6: L | O6: ADM | P6: ADM | Q6: ADM | R6: ADM | S6: ADM | T6: ADM | U6: L
A7: Administrador de red | B7: TI | C7: Gestión de red, firewall y conectividad | D7: L | E7: L/E | F7: L | G7: — | H7: — | I7: — | J7: — | K7: L | L7: L/E | M7: — | N7: — | O7: L/E | P7: ADM | Q7: ADM | R7: L | S7: L | T7: — | U7: —
A8: Soporte TI / Helpdesk | B8: TI | C8: Atención a usuarios, resolución de incidentes | D8: L | E8: L/E | F8: L/E | G8: L | H8: — | I8: — | J8: — | K8: L/E | L8: L/E | M8: — | N8: L | O8: L | P8: L | Q8: L | R8: L | S8: L | T8: — | U8: L
A9: Gerencia general | B9: Dirección | C9: Acceso ejecutivo de consulta a todos los módulos | D9: — | E9: L/E | F9: L | G9: L | H9: L | I9: L | J9: L | K9: L/E | L9: L/E | M9: — | N9: — | O9: — | P9: — | Q9: L | R9: L | S9: — | T9: — | U9: L
A10: Gerencia de área | B10: Dirección | C10: Supervisión y aprobación en su área | D10: — | E10: L/E | F10: L/E | G10: L | H10: L | I10: L | J10: L | K10: L/E | L10: L/E | M10: — | N10: — | O10: — | P10: — | Q10: L | R10: — | S10: — | T10: — | U10: L
A11: Desarrollador / DevOps | B11: Desarrollo | C11: Desarrollo, despliegue y mantenimiento de apps | D11: — | E11: L/E | F11: L/E | G11: — | H11: — | I11: — | J11: — | K11: L/E | L11: L/E | M11: ADM | N11: ADM | O11: L/E | P11: — | Q11: L/E | R11: — | S11: — | T11: L/E | U11: L
A12: Usuario de oficina | B12: Operaciones | C12: Tareas administrativas y operativas estándar | D12: — | E12: L/E | F12: L/E | G12: L | H12: — | I12: L | J12: L | K12: L/E | L12: L/E | M12: — | N12: — | O12: — | P12: — | Q12: — | R12: — | S12: — | T12: — | U12: L
A13: Contador / Finanzas | B13: Administración | C13: Gestión contable y financiera | D13: — | E13: L/E | F13: L/E | G13: L/E | H13: L | I13: L | J13: — | K13: L/E | L13: L/E | M13: — | N13: — | O13: — | P13: — | Q13: — | R13: — | S13: — | T13: — | U13: L
A14: Ventas / CRM | B14: Comercial | C14: Gestión de clientes y oportunidades | D14: — | E14: L/E | F14: L/E | G14: — | H14: — | I14: L | J14: ADM | K14: L/E | L14: L/E | M14: — | N14: — | O14: — | P14: — | Q14: — | R14: — | S14: — | T14: — | U14: L/E
A15: Logística / Inventarios | B15: Operaciones | C15: Control de stock y movimientos | D15: — | E15: L/E | F15: L/E | G15: — | H15: — | I15: ADM | J15: L | K15: L/E | L15: L/E | M15: — | N15: — | O15: — | P15: — | Q15: — | R15: — | S15: — | T15: — | U15: L
A16: Recursos Humanos | B16: RRHH | C16: Gestión de personal y nómina | D16: — | E16: L/E | F16: L/E | G16: L | H16: ADM | I16: — | J16: — | K16: L/E | L16: L/E | M16: — | N16: — | O16: — | P16: — | Q16: — | R16: — | S16: — | T16: — | U16: L
... A18: Auditor interno | B18: Control | C18: Acceso de solo lectura para revisión y control | D18: — | E18: — | F18: L | G18: L | H18: L | I18: L | J18: L | K18: — | L18: — | M18: — | N18: — | O18: — | P18: — | Q18: — | R18: L | S18: — | T18: — | U18: L
A20: LEYENDA
A21: ADM | B21: Administrador — control total sobre el recurso
A22: L/E | B22: Lectura y escritura — puede crear, editar y eliminar
A23: L | B23: Solo lectura — puede consultar pero no modificar
A24: — | B24: Sin acceso — el rol no tiene permisos sobre este recurso
A25: N/A | B25: No aplica — el recurso no es relevante para este rol
A27: 📋 Esta matriz debe revisarse en cada evento Mover (cambio de rol) y al menos una vez cada trimestre. Los permisos ADM deben minimizarse al máximo y auditarse mensualmente. Ningún usuario debe acumular permisos de más de un rol simultáneamente sin aprobación documentada.

Sheet Dashboard
A1: DASHBOARD — ANÁLISIS DE PERMISOS RBAC
A2: Resumen automático de la matriz | [NOMBRE DE LA ORGANIZACIÓN]
A4: Total de roles definidos | B4: =13 -> 13 | D4: Permisos ADM por rol — (minimizar al máximo)
D5: Rol | E5: Área | F5: # ADM | G5: % de sus permisos
A6: Total de sistemas en la matriz | B6: =18 -> 18 | D6: Administrador de sistemas | E6: TI | F6: =COUNTIF('Matriz RBAC'!D6:U6,"ADM") -> 10 | G6: =IF(18=0,0,F6/18) -> 0.55555556
D7: Administrador de red | E7: TI | F7: =COUNTIF('Matriz RBAC'!D7:U7,"ADM") -> 2 | G7: =IF(18=0,0,F7/18) -> 0.11111111
A8: Permisos ADM en toda la matriz | B8: =COUNTIF('Matriz RBAC'!D6:U18,"ADM") -> 17 | D8: Soporte TI / Helpdesk | E8: TI | F8: =COUNTIF('Matriz RBAC'!D8:U8,"ADM") -> 0 | G8: =IF(18=0,0,F8/18) -> 0
D9: Gerencia general | E9: Dirección | F9: =COUNTIF('Matriz RBAC'!D9:U9,"ADM") -> 0 | G9: =IF(18=0,0,F9/18) -> 0
A10: Permisos L/E en toda la matriz | B10: =COUNTIF('Matriz RBAC'!D6:U18,"L/E") -> 45 | D10: Gerencia de área | E10: Dirección | F10: =COUNTIF('Matriz RBAC'!D10:U10,"ADM") -> 0 | G10: =IF(18=0,0,F10/18) -> 0
D11: Desarrollador / DevOps | E11: Desarrollo | F11: =COUNTIF('Matriz RBAC'!D11:U11,"ADM") -> 2 | G11: =IF(18=0,0,F11/18) -> 0.11111111
A12: Permisos de solo lectura (L) | B12: =COUNTIF('Matriz RBAC'!D6:U18,"L") -> 56 | D12: Usuario de oficina | E12: Operaciones | F12: =COUNTIF('Matriz RBAC'!D12:U12,"ADM") -> 0 | G12: =IF(18=0,0,F12/18) -> 0
D13: Contador / Finanzas | E13: Administración | F13: =COUNTIF('Matriz RBAC'!D13:U13,"ADM") -> 0 | G13: =IF(18=0,0,F13/18) -> 0
A14: Celdas sin acceso (—) | B14: =COUNTIF('Matriz RBAC'!D6:U18,"—") -> 116 | D14: Ventas / CRM | E14: Comercial | F14: =COUNTIF('Matriz RBAC'!D14:U14,"ADM") -> 1 | G14: =IF(18=0,0,F14/18) -> 0.055555556
D15: Logística / Inventarios | E15: Operaciones | F15: =COUNTIF('Matriz RBAC'!D15:U15,"ADM") -> 1 | G15: =IF(18=0,0,F15/18) -> 0.055555556
D16: Recursos Humanos | E16: RRHH | F16: =COUNTIF('Matriz RBAC'!D16:U16,"ADM") -> 1 | G16: =IF(18=0,0,F16/18) -> 0.055555556
D17: Contratista externo | E17: Externo | F17: =COUNTIF('Matriz RBAC'!D17:U17,"ADM") -> 0 | G17: =IF(18=0,0,F17/18) -> 0
D18: Auditor interno | E18: Control | F18: =COUNTIF('Matriz RBAC'!D18:U18,"ADM") -> 0 | G18: =IF(18=0,0,F18/18) -> 0
D21: Permisos ADM por sistema
D22: Sistema | E22: Categoría | F22: # ADM | G22: % de roles
D23: Metadirectorio (AD/LDAP) | E23: Identidades | F23: =COUNTIF('Matriz RBAC'!D6:D18,"ADM") -> 1 | G23: =IF(13=0,0,F23/13) -> 0.076923077
D24: Gestor de contraseñas | E24: Identidades | F24: =COUNTIF('Matriz RBAC'!E6:E18,"ADM") -> 1 | G24: =IF(13=0,0,F24/13) -> 0.076923077
D25: Servidor de archivos | E25: Datos | F25: =COUNTIF('Matriz RBAC'!F6:F18,"ADM") -> 1 | G25: =IF(13=0,0,F25/13) -> 0.076923077
D26: ERP — módulo financiero | E26: Aplicaciones | F26: =COUNTIF('Matriz RBAC'!G6:G18,"ADM") -> 0 | G26: =IF(13=0,0,F26/13) -> 0
D27: ERP — módulo RRHH / nómina | E27: Aplicaciones | F27: =COUNTIF('Matriz RBAC'!H6:H18,"ADM") -> 1 | G27: =IF(13=0,0,F27/13) -> 0.076923077
D28: ERP — módulo inventarios | E28: Aplicaciones | F28: =COUNTIF('Matriz RBAC'!I6:I18,"ADM") -> 1 | G28: =IF(13=0,0,F28/13) -> 0.076923077
D29: CRM | E29: Aplicaciones | F29: =COUNTIF('Matriz RBAC'!J6:J18,"ADM") -> 1 | G29: =IF(13=0,0,F29/13) -> 0.076923077
D30: Correo corporativo | E30: Comunicaciones | F30: =COUNTIF('Matriz RBAC'!K6:K18,"ADM") -> 1 | G30: =IF(13=0,0,F30/13) -> 0.076923077
D31: Herramientas de colaboración | E31: Comunicaciones | F31: =COUNTIF('Matriz RBAC'!L6:L18,"ADM") -> 0 | G31: =IF(13=0,0,F31/13) -> 0
D32: Repositorio de código (Git) | E32: Desarrollo | F32: =COUNTIF('Matriz RBAC'!M6:M18,"ADM") -> 1 | G32: =IF(13=0,0,F32/13) -> 0.076923077
D33: Entorno de desarrollo / staging | E33: Desarrollo | F33: =COUNTIF('Matriz RBAC'!N6:N18,"ADM") -> 1 | G33: =IF(13=0,0,F33/13) -> 0.076923077
D34: Servidores en producción | E34: Infraestructura | F34: =COUNTIF('Matriz RBAC'!O6:O18,"ADM") -> 1 | G34: =IF(13=0,0,F34/13) -> 0.076923077
D35: Infraestructura de red | E35: Infraestructura | F35: =COUNTIF('Matriz RBAC'!P6:P18,"ADM") -> 2 | G35: =IF(13=0,0,F35/13) -> 0.15384615
D36: VPN corporativa | E36: Infraestructura | F36: =COUNTIF('Matriz RBAC'!Q6:Q18,"ADM") -> 2 | G36: =IF(13=0,0,F36/13) -> 0.15384615
D37: Consola de monitoreo (SIEM) | E37: Seguridad | F37: =COUNTIF('Matriz RBAC'!R6:R18,"ADM") -> 1 | G37: =IF(13=0,0,F37/13) -> 0.076923077
D38: Herramienta de backup | E38: Seguridad | F38: =COUNTIF('Matriz RBAC'!S6:S18,"ADM") -> 1 | G38: =IF(13=0,0,F38/13) -> 0.076923077
D39: Nube (consola de administración) | E39: Nube | F39: =COUNTIF('Matriz RBAC'!T6:T18,"ADM") -> 1 | G39: =IF(13=0,0,F39/13) -> 0.076923077
D40: Servicios SaaS del negocio | E40: Nube | F40: =COUNTIF('Matriz RBAC'!U6:U18,"ADM") -> 0 | G40: =IF(13=0,0,F40/13) -> 0

Sheet Instructivo
A1: INSTRUCTIVO DE USO — MATRIZ RBAC
A2: Capítulo 4 — Gestión de Identidades y Accesos | Ciberprotección para PyMES
A4: SECCIÓN | B4: ELEMENTO | C4: INSTRUCCIONES
A5: Roles (filas) | B5: Cómo agregar un rol | C5: Inserte una fila nueva entre las filas 6 y el final de la tabla. Complete el nombre del rol en columna A, el área en B y la descripción en C. Asigne el nivel de acceso a cada sistema usando la lista desplegable (ADM, L/E, L, —, N/A).
A6: Roles (filas) | B6: Cómo eliminar un rol | C6: Elimine la fila completa del rol. Verifique que el Dashboard no quedó con referencias rotas.
A7: Sistemas (columnas) | B7: Cómo agregar un sistema | C7: Inserte una columna nueva antes de la columna de leyenda. Escriba el nombre del sistema en la fila 5. Asigne el nivel de acceso para cada rol usando la lista desplegable.
A8: Valores de acceso | B8: Niveles disponibles | C8: ADM = control total · L/E = lectura y escritura · L = solo lectura · — = sin acceso · N/A = no aplica. Seleccione siempre desde la lista desplegable para que el formato condicional funcione correctamente.
A9: Principio de mínimo privilegio | B9: Regla fundamental | C9: Cada rol debe tener el nivel de acceso más bajo que le permita cumplir sus funciones. El nivel ADM debe asignarse solo cuando sea estrictamente indispensable. Si duda entre L/E y L, prefiera L.
A10: Cuentas administrativas | B10: Regla de uso cotidiano | C10: Los roles con permisos ADM en el metadirectorio o la infraestructura no deben usarse para tareas diarias. El administrador debe tener una cuenta normal separada para el trabajo cotidiano.
A11: Privilege creep | B11: Qué evitar | C11: Ningún colaborador debe acumular los permisos de más de un rol simultáneamente. Cada vez que ocurra un evento Mover (cambio de cargo), los permisos del rol anterior deben ser revocados antes de asignar los del nuevo rol.
A12: Revisión periódica | B12: Frecuencia recomendada | C12: Esta matriz debe revisarse: en cada evento Mover (cambio de rol de cualquier colaborador), de forma completa cada trimestre, y siempre que se incorpore un nuevo sistema al inventario de la organización.
A13: Dashboard | B13: Cómo interpretar | C13: El Dashboard calcula automáticamente el número de permisos ADM por rol y por sistema. Un número elevado de permisos ADM en un rol es una señal de alerta que debe revisarse. El objetivo es minimizar la columna # ADM en ambas tablas.
A14: Aprobación | B14: Quién debe aprobar los cambios | C14: Cualquier cambio en los niveles de acceso de la matriz debe ser aprobado por el responsable de TI y, para roles administrativos o de alta dirección, por la gerencia general. Los cambios deben quedar documentados con fecha y nombre del aprobador.
A16: NIVEL | B16: CUÁNDO USARLO | C16: RIESGO SI SE USA EN EXCESO
... A21: N/A | B21: Para recursos que conceptualmente no aplican al rol | C21: Ninguno: uso organizativo, equivalente a —
