Workbook

Sheet KRI Identidades
A1: Ciberprotección para PyMES · Capítulo 4 — Gestión de Identidades
A2: Indicadores Clave de Riesgo (KRI) — Registro de Seguimiento
A4: Código KRI | B4: Descripción | C4: Métrica | D4: Umbral de Alerta | E4: Frecuencia | F4: Valor Actual | G4: Estado | H4: Fecha Medición | I4: Responsable | J4: Acción Requerida | K4: Observaciones | L4: Ticket / Evidencia
A5: KRI-ID-01 | B5: Cuentas activas de exempleados | C5: N.° de cuentas en el directorio vinculadas a colaboradores con fecha de desvinculación registrada | D5: ≥ 1 cuenta activa | E5: Semanal | J5: Desactivar de inmediato; revisar accesos ejercidos desde la fecha de desvinculación
A6: KRI-ID-02 | B6: Intentos de autenticación fallidos | C6: N.° de intentos de inicio de sesión fallidos en el directorio en las últimas 24 h | D6: > 20 intentos desde una misma cuenta o IP en < 10 min | E6: Semanal | J6: Bloquear cuenta o IP; revisar logs; notificar al responsable de TI
A7: KRI-ID-03 | B7: Cuentas administrativas sin MFA | C7: N.° de cuentas con roles administrativos que no tienen MFA activo | D7: ≥ 1 cuenta sin MFA | E7: Semanal | J7: Activar MFA de forma inmediata; escalar si el usuario no coopera
A8: KRI-ID-04 | B8: Cuentas de servicio sin propietario documentado | C8: N.° de cuentas de servicio sin propietario funcional en el inventario | D8: ≥ 1 cuenta sin propietario | E8: Mensual | J8: Identificar propietario o desactivar si el servicio ya no está en producción
A9: KRI-ID-05 | B9: Días desde la última revisión de privilegios | C9: Días transcurridos desde la última auditoría formal de permisos por rol | D9: > 90 días sin revisión | E9: Mensual | J9: Programar y ejecutar revisión de privilegios; documentar resultado
A10: KRI-ID-06 | B10: Cuentas de servicio con credenciales sin rotación | C10: N.° de cuentas de servicio cuya contraseña no ha sido rotada dentro del período definido | D10: > 0 cuentas vencidas | E10: Mensual | J10: Ejecutar rotación coordinada; verificar que el servicio no se interrumpa
A11: KRI-ID-07 | B11: Acumulación de privilegios por cambio de rol | C11: N.° de cuentas que conservan permisos del rol anterior tras cambio de área o función | D11: ≥ 1 cuenta con privilegios acumulados | E11: Mensual | J11: Revocar permisos del rol anterior; documentar en el sistema de tickets

Sheet Dashboard
A1: Dashboard — KRI Gestión de Identidades
A2: Estado consolidado de indicadores · Actualización manual
A4: Código KRI | B4: Descripción corta | C4: Frecuencia | D4: Valor Actual | E4: Umbral | F4: Estado | G4: Última medición | H4: Tendencia
A5: KRI-ID-01 | B5: Cuentas activas de exempleados | C5: Semanal | D5: ='KRI Identidades'!F5 -> 0 | E5: ≥ 1 cuenta activa | F5: ='KRI Identidades'!G5 -> 0 | G5: ='KRI Identidades'!H5 -> 0
A6: KRI-ID-02 | B6: Intentos de autenticación fallidos | C6: Semanal | D6: ='KRI Identidades'!F6 -> 0 | E6: > 20 intentos / IP / 10 min | F6: ='KRI Identidades'!G6 -> 0 | G6: ='KRI Identidades'!H6 -> 0
A7: KRI-ID-03 | B7: Cuentas administrativas sin MFA | C7: Semanal | D7: ='KRI Identidades'!F7 -> 0 | E7: ≥ 1 cuenta sin MFA | F7: ='KRI Identidades'!G7 -> 0 | G7: ='KRI Identidades'!H7 -> 0
A8: KRI-ID-04 | B8: Cuentas de servicio sin propietario | C8: Mensual | D8: ='KRI Identidades'!F8 -> 0 | E8: ≥ 1 cuenta sin propietario | F8: ='KRI Identidades'!G8 -> 0 | G8: ='KRI Identidades'!H8 -> 0
A9: KRI-ID-05 | B9: Días desde revisión de privilegios | C9: Mensual | D9: ='KRI Identidades'!F9 -> 0 | E9: > 90 días | F9: ='KRI Identidades'!G9 -> 0 | G9: ='KRI Identidades'!H9 -> 0
A10: KRI-ID-06 | B10: Cuentas de servicio sin rotación | C10: Mensual | D10: ='KRI Identidades'!F10 -> 0 | E10: > 0 cuentas vencidas | F10: ='KRI Identidades'!G10 -> 0 | G10: ='KRI Identidades'!H10 -> 0
A11: KRI-ID-07 | B11: Acumulación de privilegios por cambio de rol | C11: Mensual | D11: ='KRI Identidades'!F11 -> 0 | E11: ≥ 1 cuenta con privilegios acumulados | F11: ='KRI Identidades'!G11 -> 0 | G11: ='KRI Identidades'!H11 -> 0
A14: Resumen de estados
A15: ✅ Normal | B15: =COUNTIF(F5:F11,"✅ Normal") -> 0
A16: ⚠️ Alerta | B16: =COUNTIF(F5:F11,"⚠️ Alerta") -> 0
A17: 🔴 Crítico | B17: =COUNTIF(F5:F11,"🔴 Crítico") -> 0
A18: — Sin datos | B18: =COUNTIF(F5:F11,"— Sin datos") -> 0

Sheet Instructivo
A1: Instructivo de uso — KRI Gestión de Identidades
A3: Propósito | B3: Este archivo registra y hace seguimiento a los Indicadores Clave de Riesgo (KRI) del dominio de Gestión de Identidades, según la estructura del Capítulo 4 del libro Ciberprotección para PyMES.
A4: Hoja KRI Identidades | B4: Ingrese el valor medido en la columna 'Valor Actual' con la periodicidad indicada en la columna 'Frecuencia'. Registre la fecha de medición y el nombre del responsable. Seleccione el estado (✅ Normal / ⚠️ Alerta / 🔴 Crítico / — Sin datos) desde la lista desplegable de la columna 'Estado'.
A5: Hoja Dashboard | B5: Consolida automáticamente los valores y estados ingresados en la hoja KRI Identidades. No modifique las celdas con fórmulas (columnas D, F, G). La columna 'Tendencia' es de ingreso manual (↑ / → / ↓).
A6: Umbral de alerta | B6: Los umbrales definidos en la columna 'Umbral de Alerta' son referencias orientativas para entornos PyME de tamaño medio. Cada organización debe calibrarlos según su propia línea base operativa.
A7: KRI-ID-01 | B7: Frecuencia: Semanal. Alerta si existe ≥ 1 cuenta activa asociada a un colaborador desvinculado. Acción inmediata: desactivar la cuenta y revisar los accesos ejercidos desde la fecha de desvinculación.
A8: KRI-ID-02 | B8: Frecuencia: Semanal. Alerta si se detectan > 20 intentos fallidos desde una misma cuenta o IP en menos de 10 minutos. Posible indicador de ataque de fuerza bruta.
A9: KRI-ID-03 | B9: Frecuencia: Semanal. Alerta si existe ≥ 1 cuenta con rol administrativo sin MFA activo. Condición crítica: debe resolverse de forma inmediata sin excepciones.
A10: KRI-ID-04 | B10: Frecuencia: Mensual. Alerta si existe ≥ 1 cuenta de servicio sin propietario funcional documentado en el inventario. Acción: identificar propietario o desactivar.
A11: KRI-ID-05 | B11: Frecuencia: Mensual. Alerta si han transcurrido > 90 días desde la última auditoría formal de privilegios por rol. Programar revisión y documentar resultado.
A12: KRI-ID-06 | B12: Frecuencia: Mensual. Alerta si existe ≥ 1 cuenta de servicio con contraseña vencida según la política. Ejecutar rotación coordinada verificando continuidad del servicio.
A13: KRI-ID-07 | B13: Frecuencia: Mensual. Alerta si existe ≥ 1 cuenta que conserva permisos del rol anterior tras un cambio de área o función. Revocar privilegios acumulados y documentar en el sistema de tickets.
A14: Evidencia | B14: Registre en la columna 'Ticket / Evidencia' el número de ticket del sistema ITSM o la referencia del documento que acredita la medición o la acción tomada.
A15: Calendario NSOC | B15: Integre la revisión de estos KRI como tarea recurrente en el Calendario NSOC definido en el Capítulo 1: semanal para KRI-ID-01/02/03 y mensual para KRI-ID-04/05/06/07.
A18: © Mauricio Vergara Manjarrés · Ciberprotección para PyMES · github.com/MauricioVergaraMPC/ciberpymes
