Workbook

Sheet Inventario Usuarios
A1: INVENTARIO DE USUARIOS — IDENTIDADES HUMANAS
A2: Capítulo 4 — Gestión de Identidades | [NOMBRE DE LA ORGANIZACIÓN]
A3: Versión: | B3: 1.0 | C3: Fecha actualización: | D3: [DD/MM/AAAA] | E3: Responsable: | F3: [Nombre del responsable de TI]
A4: ID Usuario | B4: Nombre de usuario (username) | C4: Nombre completo | D4: Correo corporativo | E4: Tipo de usuario | F4: Perfil de cuenta | G4: Área / Departamento | H4: Cargo | I4: Responsable directo | J4: Fecha de creación | K4: Evento JML | L4: Gestor de contraseñas habilitado | M4: MFA habilitado | N4: Último acceso | O4: Acceso remoto (VPN) | P4: Sistemas con acceso | Q4: Revisión de privilegios (última fecha) | R4: Estado | S4: Observaciones
A5: USR-001 | B5: jperez | C5: Juan Pérez | D5: jperez@empresa.com | E5: Empleado | F5: Administrador | G5: TI | H5: Jefe de Sistemas | I5: Gerente General | J5: 01/03/2023 | K5: Joiner | L5: Sí | M5: Sí | N5: 15/05/2026 | O5: Sí | P5: AD, ERP, Servidor archivos, VPN, Wazuh | Q5: 01/04/2026 | R5: Activo
A6: USR-002 | B6: mlopez | C6: María López | D6: mlopez@empresa.com | E6: Empleado | F6: Normal | G6: Administración | H6: Contadora | I6: Gerente Administrativo | J6: 10/06/2022 | K6: Joiner | L6: Sí | M6: Sí | N6: 14/05/2026 | O6: No | P6: ERP (módulo contabilidad), Servidor archivos | Q6: 01/04/2026 | R6: Activo
A7: USR-003 | B7: cruiz | C7: Carlos Ruiz | D7: cruiz@empresa.com | E7: Empleado | F7: Normal | G7: Desarrollo | H7: Desarrollador Senior | I7: Jefe de TI | J7: 15/01/2024 | K7: Joiner | L7: Sí | M7: Sí | N7: 13/05/2026 | O7: Sí | P7: GitHub, AWS, ERP (lectura), Servidor archivos | Q7: 01/04/2026 | R7: Activo
A8: USR-004 | B8: recepcion | C8: Recepción | D8: recepcion@empresa.com | E8: Genérico | F8: Solo lectura | G8: Administración | H8: (Cuenta genérica) | I8: Jefe de TI | J8: 20/09/2021 | K8: Joiner | L8: No | M8: No | N8: 10/05/2026 | O8: No | P8: ERP (solo lectura), Directorio telefónico | Q8: N/A | R8: Activo | S8: Cuenta genérica — revisar si requiere MFA
A9: USR-005 | B9: aperez_ext | C9: Ana Pérez (externa) | D9: aperez@proveedores.com | E9: Contratista | F9: Normal | G9: Logística | H9: Consultora de procesos | I9: Gerente de Logística | J9: 01/02/2026 | K9: Joiner | L9: Sí | M9: Sí | N9: 12/05/2026 | O9: No | P9: ERP (módulo compras), Carpeta compartida proyecto | Q9: 01/04/2026 | R9: Activo | S9: Contrato vigente hasta 31/07/2026
A10: USR-006 | B10: lgomez | C10: Luis Gómez | D10: lgomez@empresa.com | E10: Empleado | F10: Normal | G10: Ventas | H10: Ejecutivo de ventas | I10: Gerente Comercial | J10: 05/04/2020 | K10: Leaver | L10: Sí | M10: Sí | N10: 28/02/2026 | O10: No | P10: CRM, Servidor archivos | Q10: N/A | R10: Inactivo | S10: ⚠ Desvinculado el 28/02/2026 — verificar eliminación completa
A11: USR-007 | B11: bodega | C11: Bodega | D11: bodega@empresa.com | E11: Genérico | F11: Normal | G11: Operaciones | H11: (Cuenta genérica) | I11: Jefe de Operaciones | J11: 12/03/2019 | K11: Joiner | L11: No | M11: No | N11: N/A | O11: No | P11: Sistema de inventarios | Q11: N/A | R11: Pendiente revisión | S11: Sin acceso reciente — verificar si sigue en uso
A12: USR-008
A13: USR-009
A14: USR-010
A15: USR-011
A16: USR-012
A17: USR-013
A19: ⚠ Alertas: Estado = Inactivo/Eliminado → verificar desaprovisionamiento completo | MFA = No → habilitar con prioridad para cuentas con acceso a sistemas críticos | Gestor de contraseñas = No → enrolar al colaborador

Sheet Dashboard
A1: DASHBOARD — INVENTARIO DE USUARIOS
A2: Resumen automático del inventario | [NOMBRE DE LA ORGANIZACIÓN]
A4: Total usuarios registrados | B4: =COUNTA('Inventario Usuarios'!A5:A17) -> 13 | D4: Distribución por Tipo de Usuario
D5: Tipo | E5: Total | F5: Activos | G5: % del total
A6: Usuarios activos | B6: =COUNTIF('Inventario Usuarios'!R5:R17,"Activo") -> 5 | D6: Empleado | E6: =COUNTIF('Inventario Usuarios'!E5:E17,"Empleado") -> 4 | F6: =COUNTIFS('Inventario Usuarios'!E5:E17,"Empleado",'Inventario Usuarios'!R5:R17,"Activo") -> 3 | G6: =IF(B4=0,0,E6/B4) -> 0.30769231
D7: Contratista | E7: =COUNTIF('Inventario Usuarios'!E5:E17,"Contratista") -> 1 | F7: =COUNTIFS('Inventario Usuarios'!E5:E17,"Contratista",'Inventario Usuarios'!R5:R17,"Activo") -> 1 | G7: =IF(B4=0,0,E7/B4) -> 0.076923077
A8: Usuarios inactivos | B8: =COUNTIF('Inventario Usuarios'!R5:R17,"Inactivo") -> 1 | D8: Pasante | E8: =COUNTIF('Inventario Usuarios'!E5:E17,"Pasante") -> 0 | F8: =COUNTIFS('Inventario Usuarios'!E5:E17,"Pasante",'Inventario Usuarios'!R5:R17,"Activo") -> 0 | G8: =IF(B4=0,0,E8/B4) -> 0
D9: Genérico | E9: =COUNTIF('Inventario Usuarios'!E5:E17,"Genérico") -> 2 | F9: =COUNTIFS('Inventario Usuarios'!E5:E17,"Genérico",'Inventario Usuarios'!R5:R17,"Activo") -> 1 | G9: =IF(B4=0,0,E9/B4) -> 0.15384615
A10: Pendientes de revisión | B10: =COUNTIF('Inventario Usuarios'!R5:R17,"Pendiente revisión") -> 1 | D10: TOTAL | E10: =SUM(E6:E9) -> 7 | F10: =SUM(F6:F9) -> 5 | G10: 100.0%
A12: Sin MFA habilitado | B12: =COUNTIF('Inventario Usuarios'!M5:M17,"No") -> 2 | D12: Distribución por Perfil de Cuenta
D13: Perfil | E13: Cantidad | F13: % del total
A14: Sin gestor de contraseñas | B14: =COUNTIF('Inventario Usuarios'!L5:L17,"No") -> 2 | D14: Administrador | E14: =COUNTIF('Inventario Usuarios'!F5:F17,"Administrador") -> 1 | F14: =IF(B4=0,0,E14/B4) -> 0.076923077
D15: Normal | E15: =COUNTIF('Inventario Usuarios'!F5:F17,"Normal") -> 5 | F15: =IF(B4=0,0,E15/B4) -> 0.38461538
A16: Cuentas administrativas | B16: =COUNTIF('Inventario Usuarios'!F5:F17,"Administrador") -> 1 | D16: Solo lectura | E16: =COUNTIF('Inventario Usuarios'!F5:F17,"Solo lectura") -> 1 | F16: =IF(B4=0,0,E16/B4) -> 0.076923077
D17: Sin acceso | E17: =COUNTIF('Inventario Usuarios'!F5:F17,"Sin acceso") -> 0 | F17: =IF(B4=0,0,E17/B4) -> 0
A18: Cuentas genéricas | B18: =COUNTIF('Inventario Usuarios'!E5:E17,"Genérico") -> 2
A20: Contratistas con acceso activo | B20: =COUNTIFS('Inventario Usuarios'!E5:E17,"Contratista",'Inventario Usuarios'!R5:R17,"Activo") -> 1

Sheet Instructivo
A1: INSTRUCTIVO DE USO — INVENTARIO DE USUARIOS
A2: Capítulo 4 — Gestión de Identidades y Accesos | Ciberprotección para PyMES
A4: COLUMNA | B4: CAMPO | C4: INSTRUCCIONES DE LLENADO
A5: A | B5: ID Usuario | C5: Identificador único del usuario. Formato sugerido: USR-001, USR-002. No modificar una vez asignado.
A6: B | B6: Nombre de usuario (username) | C6: Nombre de usuario exacto con el que accede al sistema (ej. jperez, maria.lopez). Debe coincidir con el registrado en el metadirectorio.
A7: C | B7: Nombre completo | C7: Nombre y apellido completos del colaborador.
A8: D | B8: Correo corporativo | C8: Dirección de correo corporativo asignada. Para cuentas genéricas, registrar el correo asignado a esa función.
A9: E | B9: Tipo de usuario | C9: Seleccione: Empleado (planta), Contratista (externo con acceso temporal), Pasante, Genérico (Recepción, Bodega, etc.).
A10: F | B10: Perfil de cuenta | C10: Seleccione: Administrador, Normal, Solo lectura, Sin acceso. Aplicar principio de mínimo privilegio.
A11: G | B11: Área / Departamento | C11: Área o departamento al que pertenece el colaborador en el organigrama vigente.
A12: H | B12: Cargo | C12: Cargo oficial del colaborador según el contrato o el organigrama.
A13: I | B13: Responsable directo | C13: Nombre del jefe o responsable directo del colaborador.
A14: J | B14: Fecha de creación | C14: Fecha en que se creó la cuenta. Formato DD/MM/AAAA.
A15: K | B15: Evento JML | C15: Último evento del ciclo JML registrado para este usuario: Joiner (ingreso), Mover (cambio de rol), Leaver (desvinculación).
... A30: Eliminado | B30: La cuenta fue eliminada definitivamente del directorio | C30: Conservar el registro en el inventario por trazabilidad
A32: PERIODICIDAD | B32: ACTIVIDAD
A33: Mensual | B33: Revisar el inventario y actualizar estados. Detectar cuentas inactivas o sin responsable.
A34: Mensual | B34: Cruzar el inventario contra la nómina activa de RRHH para detectar cuentas de exempleados.
A35: Trimestral | B35: Auditar la columna 'Sistemas con acceso' para verificar que no existe privilege creep.
A36: Trimestral | B36: Verificar que todos los usuarios con acceso a sistemas críticos tienen MFA habilitado.
A37: Anual | B37: Revisar y actualizar el inventario completo. Eliminar cuentas marcadas como Eliminado con más de 12 meses.
