Workbook

Sheet Checklist
A1: CIBERPROTECCIÓN PARA PyMES · Capítulo 6 — Correo Electrónico
A2: Mantenimiento Preventivo del Correo Electrónico · Plantilla 6.4
A3: Frecuencia | B3: N° | C3: Tarea de mantenimiento | D3: Estado | E3: Responsable | F3: Fecha de ejecución | G3: Observaciones
A4: SEMANAL | B4: 1 | C4: Revisar el panel de seguridad del tenant y verificar que no haya alertas críticas activas sin atender (inicios de sesión sospechosos, políticas deshabilitadas, cambios de configuración no autorizados). | D4: Pendiente | E4: Administrador de TI
B5: 2 | C5: Verificar el KRI-CE-03: revisar los registros de intentos fallidos de inicio de sesión en buzones ejecutivos y comparar contra el umbral definido. Documentar si supera el umbral de alerta. | D5: Pendiente | E5: Administrador de TI
B6: 3 | C6: Verificar el KRI-CE-05: comprobar si el dominio corporativo aparece en alguna lista negra de reputación de correo mediante herramienta externa (ej. MXToolbox Blacklist Check). | D6: Pendiente | E6: Administrador de TI
B7: 4 | C7: Verificar el KRI-CE-07: revisar que no existan reglas de reenvío automático activas hacia dominios externos no autorizados. Comparar contra el listado de excepciones documentadas. | D7: Pendiente | E7: Administrador de TI
B8: 5 | C8: Confirmar que las copias de seguridad de buzones ejecutadas durante la semana completaron sin errores y que los registros de ejecución están disponibles para revisión. | D8: Pendiente | E8: Administrador de TI
B9: 6 | C9: Verificar la integridad de los registros DNS de autenticación: consultar los registros SPF, DKIM y DMARC del dominio corporativo y confirmar que responden correctamente. | D9: Pendiente | E9: Administrador de TI
A10: MENSUAL | B10: 1 | C10: Revisar el KRI-CE-01: calcular el porcentaje de buzones activos con MFA habilitado. Si el valor está por debajo del umbral verde (95%), identificar los buzones sin MFA y ejecutar la habilitación forzada. | D10: Pendiente | E10: Administrador de TI
B11: 2 | C11: Revisar el KRI-CE-02: verificar que todos los buzones compartidos y funcionales activos tienen un propietario asignado en el inventario. Actualizar el inventario si hay cambios. | D11: Pendiente | E11: Administrador de TI
B12: 3 | C12: Revisar el KRI-CE-04: obtener el Score de Seguridad del tenant y calcular la variación respecto al mes anterior. Si hay deterioro, identificar las recomendaciones nuevas o los controles deshabilitados. | D12: Pendiente | E12: Administrador de TI
B13: 4 | C13: Revisar el KRI-CE-06: identificar buzones en estado desactivado que mantienen una licencia activa asignada y liberar las licencias correspondientes. | D13: Pendiente | E13: Administrador de TI
B14: 5 | C14: Auditar el inventario de buzones: verificar que los buzones creados, modificados o desactivados durante el mes están correctamente registrados en el inventario (Plantilla 6.2). | D14: Pendiente | E14: Administrador de TI
B15: 6 | C15: Revisar el estado de las políticas de seguridad predefinidas del tenant: confirmar que siguen activas y que cubren a todos los usuarios del dominio. Verificar que no hayan sido modificadas desde la última revisión. | D15: Pendiente | E15: Administrador de TI
B16: 7 | C16: Verificar que las políticas de retención de mensajes están activas y aplicándose correctamente a todos los buzones dentro de su alcance. Confirmar que ningún buzón bajo Reserva Legal ha tenido eliminaciones. | D16: Pendiente | E16: Administrador de TI
B17: 8 | C17: Revisar el reporte de actividad de correo del tenant: volumen de mensajes enviados y recibidos, tasa de mensajes bloqueados por el filtro antispam/antiphishing, y mensajes en cuarentena sin revisar. | D17: Pendiente | E17: Administrador de TI
A18: TRIMESTRAL | B18: 1 | C18: Ejecutar una revisión completa del inventario de buzones: verificar que todos los buzones activos corresponden a colaboradores vigentes, que los buzones desactivados están correctamente archivados y que no hay buzones huérfanos sin propietario. | D18: Pendiente | E18: Administrador de TI
B19: 2 | C19: Revisar la lista de miembros de todos los buzones compartidos y listas de distribución: confirmar que todos los miembros activos siguen requiriendo acceso y remover los que ya no correspondan. | D19: Pendiente | E19: Administrador de TI
B20: 3 | C20: Verificar la integridad de las copias de seguridad mediante una restauración de prueba: seleccionar un buzón de prueba y restaurar un conjunto de mensajes de una fecha anterior. Documentar el resultado. | D20: Pendiente | E20: Administrador de TI
B21: 4 | C21: Revisar los registros de auditoría del tenant del trimestre: identificar cambios de configuración inusuales, accesos desde ubicaciones no habituales, o actividades administrativas no documentadas en el sistema de tickets. | D21: Pendiente | E21: Administrador de TI
B22: 5 | C22: Verificar que las cuentas administrativas del tenant siguen cumpliendo los criterios de seguridad: MFA activo, nombre de cuenta no predeterminado, sin licencia de buzón de producción asignada, contraseña rotada en los últimos 90 días. | D22: Pendiente | E22: Administrador de TI
B23: 6 | C23: Revisar la configuración del filtro antispam/antiphishing: verificar que las reglas personalizadas siguen siendo pertinentes, que no hay remitentes o dominios en lista blanca sin justificación documentada, y que las tasas de falsos positivos son aceptables. | D23: Pendiente | E23: Administrador de TI
B24: 7 | C24: Evaluar si los criterios de activación del Plan de Recuperación definidos en la Función de Respuesta siguen siendo pertinentes y actualizar si hubo cambios en la infraestructura o en el equipo de TI. | D24: Pendiente | E24: Administrador de TI
A25: ANUAL | B25: 1 | C25: Realizar una auditoría completa de la configuración de seguridad del tenant: comparar la configuración actual contra la línea base documentada al momento de la implementación e identificar desviaciones. | D25: Pendiente | E25: Administrador de TI
B26: 2 | C26: Revisar y actualizar la Política de Gestión del Correo Electrónico (Plantilla 6.1) y el Procedimiento de Gestión de Buzones (Plantilla 6.2): verificar que reflejan los procesos operativos actuales y obtener nueva aprobación de la gerencia. | D26: Pendiente | E26: Administrador de TI
B27: 3 | C27: Revisar y actualizar los umbrales de los KRI (Plantilla 6.3): evaluar si los umbrales definidos siguen siendo apropiados para el tamaño y madurez actual de la organización. Ajustar si es necesario. | D27: Pendiente | E27: Administrador de TI
B28: 4 | C28: Ejecutar una simulación completa del Plan de Recuperación ante Desastres del servicio de correo: desde la detección del incidente hasta la recuperación del servicio. Documentar el tiempo de recuperación obtenido y compararlo con el RTO definido. | D28: Pendiente | E28: Administrador de TI
B29: 5 | C29: Revisar los contratos con proveedores del servicio de correo, del filtro antispam/antiphishing y del servicio de respaldo: verificar fechas de renovación, niveles de servicio (SLA) y condiciones de soporte técnico. | D29: Pendiente | E29: Administrador de TI
B30: 6 | C30: Actualizar el Plan de Recuperación ante Desastres con los cambios de infraestructura, personal de TI y proveedores ocurridos durante el año. | D30: Pendiente | E30: Administrador de TI
B31: 7 | C31: Revisar y actualizar los procedimientos de recuperación de buzones documentados en la Función de Recuperación: verificar que los pasos siguen siendo válidos para la versión actual de la plataforma de correo. | D31: Pendiente | E31: Administrador de TI
A32: TOTAL TAREAS | C32: =COUNTA(C4:C31) -> 28

Sheet Dashboard
A1: CIBERPROTECCIÓN PARA PyMES · Capítulo 6 — Correo Electrónico
A2: Dashboard — Estado del Mantenimiento Preventivo del Correo Electrónico
A3: Frecuencia | B3: Total tareas | C3: Pendiente | D3: En progreso | E3: Completada | F3: No aplica
A4: SEMANAL | B4: 6 | C4: =COUNTIF(Checklist!D4:D9,"Pendiente") -> 6 | D4: =COUNTIF(Checklist!D4:D9,"En progreso") -> 0 | E4: =COUNTIF(Checklist!D4:D9,"Completada") -> 0 | F4: =COUNTIF(Checklist!D4:D9,"No aplica") -> 0
A5: MENSUAL | B5: 8 | C5: =COUNTIF(Checklist!D10:D17,"Pendiente") -> 8 | D5: =COUNTIF(Checklist!D10:D17,"En progreso") -> 0 | E5: =COUNTIF(Checklist!D10:D17,"Completada") -> 0 | F5: =COUNTIF(Checklist!D10:D17,"No aplica") -> 0
A6: TRIMESTRAL | B6: 7 | C6: =COUNTIF(Checklist!D18:D24,"Pendiente") -> 7 | D6: =COUNTIF(Checklist!D18:D24,"En progreso") -> 0 | E6: =COUNTIF(Checklist!D18:D24,"Completada") -> 0 | F6: =COUNTIF(Checklist!D18:D24,"No aplica") -> 0
A7: ANUAL | B7: 7 | C7: =COUNTIF(Checklist!D25:D31,"Pendiente") -> 7 | D7: =COUNTIF(Checklist!D25:D31,"En progreso") -> 0 | E7: =COUNTIF(Checklist!D25:D31,"Completada") -> 0 | F7: =COUNTIF(Checklist!D25:D31,"No aplica") -> 0
A8: TOTAL GENERAL | B8: =SUM(B4:B7) -> 28 | C8: =SUM(C4:C7) -> 28 | D8: =SUM(D4:D7) -> 0 | E8: =SUM(E4:E7) -> 0 | F8: =SUM(F4:F7) -> 0
A10: Nota: cambie el estado de cada tarea en la hoja "Checklist" usando el menú desplegable. El dashboard se actualiza automáticamente.
