Workbook

Sheet KRI Correo
A1: CIBERPROTECCIÓN PARA PyMES · Indicadores Clave de Riesgo — Correo Electrónico
A2: Capítulo 6 · Plantilla 6.3 · KRI-CE-01 a KRI-CE-07
A3: Instrucciones: Complete los campos en color blanco. Los campos sombreados son de referencia. Actualice el estado y la fecha de cada medición al finalizar cada período de revisión.
A4: ID KRI | B4: Nombre | C4: Descripción | D4: Métrica / Fórmula de cálculo | E4: Umbral Verde | F4: Umbral Ámbar | G4: Umbral Rojo | H4: Frecuencia | I4: Responsable | J4: Fuente de datos | K4: Valor medido | L4: Estado | M4: Fecha medición
A5: KRI-CE-01 | B5: Cobertura de MFA en buzones | C5: Porcentaje de buzones activos con autenticación multifactorial habilitada. Un valor bajo indica exposición directa a ataques de credenciales. | D5: % buzones con MFA activo / total buzones activos × 100 | E5: ≥ 95% | F5: 80% – 94% | G5: < 80% | H5: Mensual | I5: Administrador de TI | J5: Reporte de seguridad del tenant (Microsoft 365 Secure Score / Google Workspace Security Dashboard) | L5: Sin datos
A6: KRI-CE-02 | B6: Buzones sin propietario asignado | C6: Número de buzones compartidos o funcionales activos sin un propietario formalmente designado en el inventario. Un buzón sin propietario no tiene responsable de sus decisiones de acceso ni de su contenido. | D6: Cantidad absoluta de buzones compartidos/funcionales sin propietario en inventario | E6: 0 | F6: 1 – 2 | G6: ≥ 3 | H6: Mensual | I6: Administrador de TI | J6: Inventario de buzones (Plantilla 6.2) | L6: Sin datos
A7: KRI-CE-03 | B7: Intentos fallidos de inicio de sesión en buzones ejecutivos | C7: Número de intentos de autenticación fallidos sobre buzones de nivel ejecutivo o financiero en el período de revisión. Valores elevados pueden indicar un ataque de fuerza bruta o credential stuffing dirigido. | D7: Cantidad de intentos fallidos registrados en logs de autenticación sobre buzones ejecutivos | E7: < 10 | F7: 10 – 29 | G7: ≥ 30 | H7: Semanal | I7: Administrador de TI | J7: Registros de auditoría del tenant (Admin Center > Reports > Audit log / Google Workspace Admin > Reports > Audit) | L7: Sin datos
A8: KRI-CE-04 | B8: Variación del Score de Seguridad del tenant | C8: Diferencia en puntos porcentuales entre el Score de Seguridad actual y el del período anterior. Una disminución sostenida indica degradación en los controles de seguridad configurados. | D8: Score actual (%) – Score período anterior (%). Valor negativo = deterioro. | E8: Δ ≥ 0 (estable o mejora) | F8: Δ entre -5% y -1% | G8: Δ < -5% | H8: Mensual | I8: Administrador de TI | J8: Microsoft Secure Score (security.microsoft.com) / Google Workspace Security Health | L8: Sin datos
A9: KRI-CE-05 | B9: Dominio en listas negras de reputación | C9: Detección del dominio corporativo en listas negras públicas de correo (RBL/DNSBL). Un dominio en lista negra provoca que los mensajes salientes sean rechazados o marcados como spam por los servidores de destino. | D9: Número de listas negras públicas que contienen el dominio corporativo | E9: 0 | F9: 1 | G9: ≥ 2 | H9: Semanal | I9: Administrador de TI | J9: MXToolbox Blacklist Check (mxtoolbox.com/blacklists.aspx) / Mail Tester | L9: Sin datos
A10: KRI-CE-06 | B10: Buzones desactivados con licencia activa | C10: Número de buzones en estado desactivado que mantienen una licencia activa asignada. Representa un costo innecesario y una superficie de ataque potencial si la desactivación no fue completa. | D10: Cantidad de buzones en estado desactivado con licencia activa según inventario | E10: 0 | F10: 1 – 2 | G10: ≥ 3 | H10: Mensual | I10: Administrador de TI | J10: Inventario de buzones (Plantilla 6.2) / Reporte de licencias del tenant | L10: Sin datos
A11: KRI-CE-07 | B11: Reglas de reenvío externo detectadas | C11: Número de buzones con reglas de reenvío automático configuradas hacia dominios externos. Esta técnica es uno de los métodos más frecuentes de exfiltración silenciosa de correo tras un compromiso de cuenta. | D11: Cantidad de buzones con reglas de reenvío activas hacia dominios distintos al corporativo | E11: 0 | F11: 1 (autorizada y documentada) | G11: ≥ 1 no autorizada | H11: Semanal | I11: Administrador de TI | J11: Exchange Admin Center > Mail flow > Rules / Google Workspace Admin > Apps > Gmail > Routing | L11: Sin datos

Sheet Dashboard
B2: DASHBOARD — Indicadores Clave de Riesgo · Correo Electrónico
B3: Capítulo 6 · Ciberprotección para PyMES · Plantilla 6.3
B5: ID | C5: Nombre del KRI | D5: Umbral Verde | E5: Umbral Ámbar | F5: Umbral Rojo | G5: Estado actual
B6: ='KRI Correo'!A5 -> KRI-CE-01 | C6: ='KRI Correo'!B5 -> Cobertura de MFA en buzones | D6: ='KRI Correo'!E5 -> ≥ 95% | E6: ='KRI Correo'!F5 -> 80% – 94% | F6: ='KRI Correo'!G5 -> < 80% | G6: ='KRI Correo'!L5 -> Sin datos
B7: ='KRI Correo'!A6 -> KRI-CE-02 | C7: ='KRI Correo'!B6 -> Buzones sin propietario asignado | D7: ='KRI Correo'!E6 -> 0 | E7: ='KRI Correo'!F6 -> 1 – 2 | F7: ='KRI Correo'!G6 -> ≥ 3 | G7: ='KRI Correo'!L6 -> Sin datos
B8: ='KRI Correo'!A7 -> KRI-CE-03 | C8: ='KRI Correo'!B7 -> Intentos fallidos de inicio de sesión en buzones ejecutivos | D8: ='KRI Correo'!E7 -> < 10 | E8: ='KRI Correo'!F7 -> 10 – 29 | F8: ='KRI Correo'!G7 -> ≥ 30 | G8: ='KRI Correo'!L7 -> Sin datos
B9: ='KRI Correo'!A8 -> KRI-CE-04 | C9: ='KRI Correo'!B8 -> Variación del Score de Seguridad del tenant | D9: ='KRI Correo'!E8 -> Δ ≥ 0 (estable o mejora) | E9: ='KRI Correo'!F8 -> Δ entre -5% y -1% | F9: ='KRI Correo'!G8 -> Δ < -5% | G9: ='KRI Correo'!L8 -> Sin datos
B10: ='KRI Correo'!A9 -> KRI-CE-05 | C10: ='KRI Correo'!B9 -> Dominio en listas negras de reputación | D10: ='KRI Correo'!E9 -> 0 | E10: ='KRI Correo'!F9 -> 1 | F10: ='KRI Correo'!G9 -> ≥ 2 | G10: ='KRI Correo'!L9 -> Sin datos
B11: ='KRI Correo'!A10 -> KRI-CE-06 | C11: ='KRI Correo'!B10 -> Buzones desactivados con licencia activa | D11: ='KRI Correo'!E10 -> 0 | E11: ='KRI Correo'!F10 -> 1 – 2 | F11: ='KRI Correo'!G10 -> ≥ 3 | G11: ='KRI Correo'!L10 -> Sin datos
B12: ='KRI Correo'!A11 -> KRI-CE-07 | C12: ='KRI Correo'!B11 -> Reglas de reenvío externo detectadas | D12: ='KRI Correo'!E11 -> 0 | E12: ='KRI Correo'!F11 -> 1 (autorizada y documentada) | F12: ='KRI Correo'!G11 -> ≥ 1 no autorizada | G12: ='KRI Correo'!L11 -> Sin datos
B14: Resumen de estado
B15: En verde | C15: =COUNTIF('KRI Correo'!L5:L11,"Verde") -> 0
B16: En ámbar | C16: =COUNTIF('KRI Correo'!L5:L11,"Ámbar") -> 0
B17: En rojo | C17: =COUNTIF('KRI Correo'!L5:L11,"Rojo") -> 0

Sheet Instructivo
B2: INSTRUCTIVO DE USO — KRI Correo Electrónico
B3: Ciberprotección para PyMES · Plantilla 6.3
B5: ¿Qué es un KRI?
B6: Un KRI (Key Risk Indicator, o Indicador Clave de Riesgo) es una métrica que mide la exposición de un sistema a un riesgo específico. A diferencia de los KPI (que miden rendimiento), los KRI miden nivel de riesgo. Un KRI en umbral rojo no significa que el incidente ya ocurrió, sino que las condiciones están deterioradas y el riesgo de que ocurra es elevado.
B8: ¿Con qué frecuencia debo usarlo?
B9: Cada KRI tiene una frecuencia de revisión definida (semanal o mensual). Utilice esta hoja como agenda de revisión: al inicio de cada semana revise los KRI semanales; al cierre de cada mes, los mensuales. Registre el valor medido, el estado resultante y la fecha de medición en las columnas correspondientes de la hoja "KRI Correo".
B11: ¿Cómo interpreto los umbrales?
B12: Verde: el indicador está dentro del rango aceptable. No se requiere acción inmediata, solo monitoreo continuo. / Ámbar: el indicador muestra una desviación que debe ser investigada. Documente la causa y establezca un plan de acción con fecha de cierre. / Rojo: el indicador está fuera del rango aceptable. Requiere acción correctiva inmediata y escalamiento al responsable de TI o a la gerencia según corresponda.
B14: ¿Cómo completo la hoja KRI Correo?
B15: Los campos editables son los tres de la derecha: "Valor medido" (ingrese el número o porcentaje obtenido en la medición), "Estado" (seleccione Verde, Ámbar o Rojo usando el menú desplegable), y "Fecha medición" (ingrese la fecha en formato DD/MM/AAAA). Los demás campos son de referencia y no deben modificarse salvo actualización formal de la política.
B17: ¿Qué hago si un KRI está en Rojo?
B18: Documente el valor medido y la fecha. Identifique la causa raíz (¿es un evento puntual o una tendencia sostenida?). Registre un ticket en el sistema ITSM con el detalle del hallazgo. Ejecute la acción correctiva correspondiente según el KRI: por ejemplo, si KRI-CE-01 (cobertura MFA) está en rojo, habilite MFA en los buzones faltantes de forma inmediata. Revalúe el indicador dentro de los 7 días siguientes para confirmar la mejora.
... B27: Versión 1.0 — Emisión inicial. Actualice este campo cada vez que se modifiquen umbrales, se agreguen KRIs o se cambie la frecuencia de revisión de algún indicador.
