Workbook

Sheet Lista de Verificación
A1: CIBERPROTECCIÓN PARA PyMES · Lista de Verificación — Capítulo 1: Aspectos Generales
A2: Marco: NIST CSF 2.0 · Instrucciones: marque Completado / En Progreso / Pendiente en la columna Estado
A3: # | B3: Actividad | C3: Función NIST CSF | D3: Estado | E3: Responsable | F3: Fecha límite | G3: Observaciones
A4: ▌ GOBERNANZA
A5: 1 | B5: Definir la Política de Ciberseguridad | C5: Gobernanza | D5: Pendiente
A6: 2 | B6: Obtener aprobación de la alta dirección | C6: Gobernanza | D6: Pendiente
A7: ▌ IDENTIFICACIÓN
A8: 3 | B8: Establecer convención para nomenclatura de objetos | C8: Identificación | D8: Pendiente
A9: 4 | B9: Crear cuentas para administración de ciberseguridad | C9: Identificación | D9: Pendiente
A10: 5 | B10: Establecer controles de acceso e identidad | C10: Identificación | D10: Pendiente
A11: 6 | B11: Realizar inventario inicial de activos | C11: Identificación | D11: Pendiente
A12: 7 | B12: Establecer formatos para Políticas y Procedimientos | C12: Identificación | D12: Pendiente
A13: ▌ PROTECCIÓN
A14: 8 | B14: Capacitar a empleados y colaboradores | C14: Protección | D14: Pendiente
A15: 9 | B15: Auditar seguridad física | C15: Protección | D15: Pendiente
A16: 10 | B16: Definir arquitectura de red segmentada | C16: Protección | D16: Pendiente
A17: 11 | B17: Adquirir almacenamientos externos | C17: Protección | D17: Pendiente
A18: 12 | B18: Desplegar servicio para Gestión de Configuración (CMDB) | C18: Protección | D18: Pendiente
A19: 13 | B19: Desplegar servicio para Gestión de Mantenimientos (CMMS) | C19: Protección | D19: Pendiente
A20: 14 | B20: Desplegar servicio para Gestión de Registros (LMS) | C20: Protección | D20: Pendiente
A21: ▌ DETECCIÓN
A22: 15 | B22: Habilitar suscripciones a boletines de alerta | C22: Detección | D22: Pendiente
A23: 16 | B23: Desplegar servicios de monitorización (NMS) | C23: Detección | D23: Pendiente
A24: 17 | B24: Desplegar servicio de Detección y Respuesta (EDR) | C24: Detección | D24: Pendiente
A25: 18 | B25: Desplegar servidor para Gestión de Eventos (SIEM) | C25: Detección | D25: Pendiente
A26: 19 | B26: Instalar Tablero de Control (Dashboard) | C26: Detección | D26: Pendiente
A27: ▌ RESPUESTA
A28: 20 | B28: Desplegar servicio para Gestión de Solicitudes (ITSM) | C28: Respuesta | D28: Pendiente
A29: 21 | B29: Desplegar servicio de Base de Conocimientos (KBS) | C29: Respuesta | D29: Pendiente
A30: 22 | B30: Diseñar Plan de Recuperación de Desastres (DRP) | C30: Respuesta | D30: Pendiente
A31: ▌ RECUPERACIÓN
A32: 23 | B32: Definir procedimientos de restauración de servicios | C32: Recuperación | D32: Pendiente
A33: 24 | B33: Configurar mecanismos de respaldo y verificación | C33: Recuperación | D33: Pendiente
A34: 25 | B34: Documentar proceso de análisis post-mortem | C34: Recuperación | D34: Pendiente

Sheet Dashboard
B1: DASHBOARD — Capítulo 1: Aspectos Generales
B2: Progreso de implementación por función NIST CSF 2.0
B3: Función NIST CSF | C3: Total ítems | D3: Completado | E3: En Progreso | F3: Pendiente | G3: % Avance
B4: Gobernanza | C4: 2 | D4: =COUNTIFS('Lista de Verificación'!C$4:C$60,B4,'Lista de Verificación'!D$4:D$60,"Completado") -> 0 | E4: =COUNTIFS('Lista de Verificación'!C$4:C$60,B4,'Lista de Verificación'!D$4:D$60,"En Progreso") -> 0 | F4: =COUNTIFS('Lista de Verificación'!C$4:C$60,B4,'Lista de Verificación'!D$4:D$60,"Pendiente") -> 2 | G4: =IFERROR(D4/C4,0) -> 0
B5: Identificación | C5: 5 | D5: =COUNTIFS('Lista de Verificación'!C$4:C$60,B5,'Lista de Verificación'!D$4:D$60,"Completado") -> 0 | E5: =COUNTIFS('Lista de Verificación'!C$4:C$60,B5,'Lista de Verificación'!D$4:D$60,"En Progreso") -> 0 | F5: =COUNTIFS('Lista de Verificación'!C$4:C$60,B5,'Lista de Verificación'!D$4:D$60,"Pendiente") -> 5 | G5: =IFERROR(D5/C5,0) -> 0
B6: Protección | C6: 7 | D6: =COUNTIFS('Lista de Verificación'!C$4:C$60,B6,'Lista de Verificación'!D$4:D$60,"Completado") -> 0 | E6: =COUNTIFS('Lista de Verificación'!C$4:C$60,B6,'Lista de Verificación'!D$4:D$60,"En Progreso") -> 0 | F6: =COUNTIFS('Lista de Verificación'!C$4:C$60,B6,'Lista de Verificación'!D$4:D$60,"Pendiente") -> 7 | G6: =IFERROR(D6/C6,0) -> 0
B7: Detección | C7: 5 | D7: =COUNTIFS('Lista de Verificación'!C$4:C$60,B7,'Lista de Verificación'!D$4:D$60,"Completado") -> 0 | E7: =COUNTIFS('Lista de Verificación'!C$4:C$60,B7,'Lista de Verificación'!D$4:D$60,"En Progreso") -> 0 | F7: =COUNTIFS('Lista de Verificación'!C$4:C$60,B7,'Lista de Verificación'!D$4:D$60,"Pendiente") -> 5 | G7: =IFERROR(D7/C7,0) -> 0
B8: Respuesta | C8: 3 | D8: =COUNTIFS('Lista de Verificación'!C$4:C$60,B8,'Lista de Verificación'!D$4:D$60,"Completado") -> 0 | E8: =COUNTIFS('Lista de Verificación'!C$4:C$60,B8,'Lista de Verificación'!D$4:D$60,"En Progreso") -> 0 | F8: =COUNTIFS('Lista de Verificación'!C$4:C$60,B8,'Lista de Verificación'!D$4:D$60,"Pendiente") -> 3 | G8: =IFERROR(D8/C8,0) -> 0
B9: Recuperación | C9: 3 | D9: =COUNTIFS('Lista de Verificación'!C$4:C$60,B9,'Lista de Verificación'!D$4:D$60,"Completado") -> 0 | E9: =COUNTIFS('Lista de Verificación'!C$4:C$60,B9,'Lista de Verificación'!D$4:D$60,"En Progreso") -> 0 | F9: =COUNTIFS('Lista de Verificación'!C$4:C$60,B9,'Lista de Verificación'!D$4:D$60,"Pendiente") -> 3 | G9: =IFERROR(D9/C9,0) -> 0
B10: TOTAL | C10: 25 | D10: =SUM(D4:D9) -> 0 | E10: =SUM(E4:E9) -> 0 | F10: =SUM(F4:F9) -> 25 | G10: =IFERROR(D10/C10,0) -> 0

Sheet Instructivo
B1: INSTRUCTIVO DE USO — Lista de Verificación Cap. 1
B3: Columna # | C3: Número secuencial del ítem dentro del capítulo.
B4: Columna Actividad | C4: Descripción de la tarea a ejecutar según el libro.
B5: Columna Función | C5: Función del marco NIST CSF 2.0 a la que pertenece el ítem.
B6: Columna Estado | C6: Seleccione una opción del menú desplegable: Completado / En Progreso / Pendiente. El color de la celda se actualiza automáticamente.
B7: Columna Responsable | C7: Nombre o cargo de la persona a cargo de esta actividad.
B8: Columna Fecha límite | C8: Fecha estimada o comprometida para completar el ítem (DD/MM/AAAA).
B9: Columna Observaciones | C9: Notas libres: bloqueos, dependencias, referencias a tickets, etc.
B10: Hoja Dashboard | C10: Resumen automático del avance por función NIST CSF 2.0. Se actualiza al cambiar los estados en la lista principal.
B11: Uso como entregable | C11: Agregue columnas de Responsable y Fecha límite para convertir esta lista en instrumento formal de seguimiento de proyecto, apto para presentar a la dirección como evidencia de avance.
B12: Actualización | C12: Este archivo corresponde al Capítulo 1 — Aspectos Generales. Repositorio: github.com/MauricioVergaraMPC/ciberpymes
