Workbook

Sheet BIA
A1: ANÁLISIS DE IMPACTO — SISTEMAS Y SERVIDORES TI
A2: Capítulo 1 — Aspectos Generales | Marco de referencia: NIST CSF 2.0 — Función Responder (RS) | Libro: Ciberprotección para PyMEs
A4: IDENTIFICACIÓN DEL SISTEMA | D4: CLASIFICACIÓN | G4: DEPENDENCIAS | J4: MÉTRICAS DE RECUPERACIÓN | M4: IMPACTO POR DIMENSIÓN | P4: ÍNDICE DE IMPACTO | Q4: ESTRATEGIA DE RECUPERACIÓN | S4: OBSERVACIONES
A5: ID | B5: Nombre del sistema / servidor | C5: Tipo de servidor | D5: Criticidad | E5: Función NIST CSF 2.0 | F5: Propietario TI | G5: Sistemas que dependen de él | H5: Sistemas de los que depende | I5: ¿Tiene respaldo? | J5: RTO (horas) | K5: RPO (horas) | L5: Último respaldo verificado | M5: Impacto Operativo (1–4) | N5: Impacto Económico (1–4) | O5: Impacto Reputacional (1–4) | P5: Índice de Impacto | Q5: Estrategia de recuperación | R5: Herramienta de respaldo | S5: Observaciones
A6: SRV-001 | B6: Servidor de base de datos principal | C6: Base de datos | D6: 4-Crítico | E6: PR.DS | F6: Administrador TI | G6: ERP, CRM, sitio web | H6: Ninguno | I6: Sí | J6: 2 | K6: 1 | L6: 2026-04-20 | M6: 4 | N6: 4 | O6: 3 | P6: =IFERROR(ROUND((M6+N6+O6)/3,1),"") -> 3.7 | Q6: Veeam / Bacula | R6: Contiene datos financieros y de clientes
A7: SRV-002 | B7: Servidor de correo electrónico | C7: Correo | D7: 3-Alto | E7: PR.DS | F7: Administrador TI | G7: Todos los usuarios | H7: DNS, Directorio | I7: Sí | J7: 4 | K7: 4 | L7: 2026-04-20 | M7: 3 | N7: 2 | O7: 3 | P7: =IFERROR(ROUND((M7+N7+O7)/3,1),"") -> 2.7 | Q7: Veeam
A8: SRV-003 | B8: Controlador de dominio (AD) | C8: Directorio | D8: 4-Crítico | E8: PR.AA | F8: Administrador TI | G8: Todos los servidores | H8: DNS | I8: Sí | J8: 2 | K8: 2 | L8: 2026-04-19 | M8: 4 | N8: 4 | O8: 4 | P8: =IFERROR(ROUND((M8+N8+O8)/3,1),"") -> 4 | Q8: Windows Server Backup | R8: Requiere controlador secundario
A9: SRV-004 | B9: Servidor DNS interno | C9: DNS | D9: 4-Crítico | E9: PR.DS | F9: Administrador TI | G9: Toda la red interna | H9: Ninguno | I9: Sí | J9: 1 | K9: 1 | L9: 2026-04-20 | M9: 4 | N9: 4 | O9: 3 | P9: =IFERROR(ROUND((M9+N9+O9)/3,1),"") -> 3.7 | Q9: Bind9 + scripts
A10: SRV-005 | B10: Servidor de archivos compartidos | C10: Archivos | D10: 3-Alto | E10: PR.DS | F10: Administrador TI | G10: Todos los usuarios | H10: AD, DNS | I10: Sí | J10: 4 | K10: 8 | L10: 2026-04-19 | M10: 3 | N10: 3 | O10: 2 | P10: =IFERROR(ROUND((M10+N10+O10)/3,1),"") -> 2.7 | Q10: Veeam
A11: SRV-006 | B11: ERP / sistema contable | C11: Aplicación | D11: 4-Crítico | E11: PR.DS | F11: Gerencia TI | G11: Finanzas, Operaciones | H11: BD principal, AD | I11: Sí | J11: 4 | K11: 4 | L11: 2026-04-18 | M11: 4 | N11: 4 | O11: 4 | P11: =IFERROR(ROUND((M11+N11+O11)/3,1),"") -> 4 | Q11: Proveedor ERP | R11: Coordinar con proveedor ante incidente
A12: SRV-007 | B12: Servidor web / intranet | C12: Web | D12: 2-Medio | E12: PR.DS | F12: Administrador TI | G12: Usuarios internos | H12: BD, DNS | I12: Sí | J12: 8 | K12: 24 | L12: 2026-04-17 | M12: 2 | N12: 2 | O12: 2 | P12: =IFERROR(ROUND((M12+N12+O12)/3,1),"") -> 2 | Q12: Rsync + scripts
A13: SRV-008 | B13: Servidor VPN | C13: Red | D13: 3-Alto | E13: PR.AA | F13: Administrador TI | G13: Teletrabajadores | H13: AD, DNS, Firewall | I13: Sí | J13: 4 | K13: 4 | L13: 2026-04-20 | M13: 3 | N13: 2 | O13: 2 | P13: =IFERROR(ROUND((M13+N13+O13)/3,1),"") -> 2.3 | Q13: Veeam
A14: SRV-009 | B14: Sistema de tickets (ITSM) | C14: Aplicación | D14: 2-Medio | E14: RS.MA | F14: Administrador TI | G14: Equipo TI | H14: BD, correo | I14: Sí | J14: 8 | K14: 24 | L14: 2026-04-16 | M14: 2 | N14: 1 | O14: 1 | P14: =IFERROR(ROUND((M14+N14+O14)/3,1),"") -> 1.3 | Q14: Scripts BD
A15: SRV-010 | B15: Servidor de monitoreo (SIEM/SMON) | C15: Monitoreo | D15: 3-Alto | E15: DE.CM | F15: Administrador TI | G15: Todos los servidores | H15: Red interna | I15: Sí | J15: 4 | K15: 8 | L15: 2026-04-18 | M15: 3 | N15: 2 | O15: 2 | P15: =IFERROR(ROUND((M15+N15+O15)/3,1),"") -> 2.3 | Q15: Ansible + scripts | R15: Wazuh / Zabbix
A16: SRV-011 | P16: =IFERROR(ROUND((M16+N16+O16)/3,1),"") -> 0
A17: SRV-012 | P17: =IFERROR(ROUND((M17+N17+O17)/3,1),"") -> 0
A18: SRV-013 | P18: =IFERROR(ROUND((M18+N18+O18)/3,1),"") -> 0
A19: SRV-014 | P19: =IFERROR(ROUND((M19+N19+O19)/3,1),"") -> 0
A20: SRV-015 | P20: =IFERROR(ROUND((M20+N20+O20)/3,1),"") -> 0
A21: SRV-016 | P21: =IFERROR(ROUND((M21+N21+O21)/3,1),"") -> 0
A22: SRV-017 | P22: =IFERROR(ROUND((M22+N22+O22)/3,1),"") -> 0
A23: SRV-018 | P23: =IFERROR(ROUND((M23+N23+O23)/3,1),"") -> 0
A24: SRV-019 | P24: =IFERROR(ROUND((M24+N24+O24)/3,1),"") -> 0
A25: SRV-020 | P25: =IFERROR(ROUND((M25+N25+O25)/3,1),"") -> 0
A26: SRV-021 | P26: =IFERROR(ROUND((M26+N26+O26)/3,1),"") -> 0
A27: SRV-022 | P27: =IFERROR(ROUND((M27+N27+O27)/3,1),"") -> 0
... A35: SRV-030 | P35: =IFERROR(ROUND((M35+N35+O35)/3,1),"") -> 0

Sheet Dashboard
A1: DASHBOARD — ANÁLISIS DE IMPACTO (BIA)
A2: Resumen ejecutivo para la Dirección | Ciberprotección para PyMEs — Capítulo 1
A4: SISTEMAS POR NIVEL DE CRITICIDAD | E4: ESTADO DE RESPALDO
A5: 4-Crítico | B5: =COUNTIF(BIA!D6:D105,"4-Crítico") -> 4 | C5: sistemas | E5: Con respaldo: Sí | F5: =COUNTIF(BIA!I6:I105,"Sí") -> 10 | G5: sistemas
A6: 3-Alto | B6: =COUNTIF(BIA!D6:D105,"3-Alto") -> 4 | C6: sistemas | E6: Con respaldo: No | F6: =COUNTIF(BIA!I6:I105,"No") -> 0 | G6: sistemas
A7: 2-Medio | B7: =COUNTIF(BIA!D6:D105,"2-Medio") -> 2 | C7: sistemas | E7: Con respaldo: Parcial | F7: =COUNTIF(BIA!I6:I105,"Parcial") -> 0 | G7: sistemas
A8: 1-Bajo | B8: =COUNTIF(BIA!D6:D105,"1-Bajo") -> 0 | C8: sistemas
A9: TOTAL | B9: =SUM(B5:B8) -> 10 | C9: sistemas registrados
A11: RTO PROMEDIO POR CRITICIDAD (horas) | E11: ⚠ SISTEMAS CRÍTICOS SIN RESPALDO — REQUIEREN ATENCIÓN INMEDIATA
A12: 4-Crítico | B12: =IFERROR(AVERAGEIF(BIA!D6:D105,"4-Crítico",BIA!J6:J105),"-") -> 2.25 | C12: horas promedio | E12: ID | F12: Nombre del sistema | G12: Criticidad | H12: RTO (h) | I12: Propietario
A13: 3-Alto | B13: =IFERROR(AVERAGEIF(BIA!D6:D105,"3-Alto",BIA!J6:J105),"-") -> 4 | C13: horas promedio | E13: → Filtrar en hoja BIA: Criticidad 4-Crítico / 3-Alto + Respaldo = No
A14: 2-Medio | B14: =IFERROR(AVERAGEIF(BIA!D6:D105,"2-Medio",BIA!J6:J105),"-") -> 8 | C14: horas promedio
A15: 1-Bajo | B15: =IFERROR(AVERAGEIF(BIA!D6:D105,"1-Bajo",BIA!J6:J105),"-") -> - | C15: horas promedio

Sheet Escalas de Referencia
A1: ESCALAS DE REFERENCIA — BIA
A3: ESCALA DE CRITICIDAD DEL SISTEMA
A4: Nivel | B4: Etiqueta | C4: Descripción | D4: Ejemplos típicos | E4: RTO sugerido | F4: RPO sugerido
A5: 4 | B5: Crítico | C5: Su falla detiene la operación completa del negocio. | D5: BD principal, AD, DNS, ERP, firewall | E5: ≤ 2 horas | F5: ≤ 1 hora
A6: 3 | B6: Alto | C6: Su falla afecta procesos importantes pero no detiene todo. | D6: Correo, VPN, servidor de archivos, ITSM | E6: 2–8 horas | F6: 1–4 horas
A7: 2 | B7: Medio | C7: Su falla genera inconvenientes pero hay alternativas manuales. | D7: Intranet, reportes, servidor de impresión | E7: 8–24 horas | F7: 4–8 horas
A8: 1 | B8: Bajo | C8: Su falla no afecta operaciones críticas. | D8: Servidor de pruebas, wikis internas | E8: > 24 horas | F8: > 8 horas
A11: ESCALA DE IMPACTO POR DIMENSIÓN (1–4)
A12: Valor | B12: Nivel | C12: Impacto Operativo | D12: Impacto Económico | E12: Impacto Reputacional
A13: 4 | B13: Crítico | C13: Detención total de operaciones | D13: Pérdida económica mayor / multas regulatorias | E13: Daño reputacional grave y público
A14: 3 | B14: Alto | C14: Afecta procesos clave, sin alternativa | D14: Pérdida económica significativa | E14: Quejas de clientes / cobertura mediática
A15: 2 | B15: Medio | C15: Reduce eficiencia, hay alternativa manual | D15: Pérdida menor / costos de workaround | E15: Molestia interna, sin exposición pública
A16: 1 | B16: Bajo | C16: Impacto mínimo o imperceptible | D16: Sin impacto económico relevante | E16: Sin impacto reputacional
A19: REFERENCIA NIST CSF 2.0
A20: Código | B20: Función / Categoría NIST CSF 2.0 | C20: Aplicación en el BIA
A21: GV.OC | B21: Govern — Organizational Context | C21: Contexto organizacional y tolerancia al riesgo
A22: ID.AM | B22: Identify — Asset Management | C22: Inventario y gestión de activos TI
A23: PR.DS | B23: Protect — Data Security | C23: Protección de datos y sistemas
A24: PR.AA | B24: Protect — Identity Management | C24: Gestión de identidades y control de acceso
A25: DE.CM | B25: Detect — Continuous Monitoring | C25: Monitoreo continuo
A26: RS.AN | B26: Respond — Incident Analysis | C26: Análisis del incidente
A27: RS.MA | B27: Respond — Incident Management | C27: Gestión y contención del incidente
A28: RC.RP | B28: Recover — Incident Recovery Plan | C28: Plan de recuperación

Sheet Instructivo
A1: INSTRUCTIVO DE USO — PLANTILLA BIA
B3: PROPÓSITO
B4: ¿Qué es el BIA? | C4: El Análisis de Impacto (Business Impact Analysis) identifica qué sistemas TI son críticos para la operación, qué tan rápido deben recuperarse ante un incidente (RTO), cuánta información puede perderse sin consecuencias irreparables (RPO), y cuál es el impacto potencial de su falla en las dimensiones operativa, económica y reputacional.
B5: ¿Para qué sirve esta plantilla? | C5: Apoya el diseño del Plan de Recuperación de Desastres (DRP) y la priorización de recursos de respaldo. Es el insumo principal para definir qué servidores se recuperan primero ante un incidente mayor.
B7: INSTRUCCIONES DE LLENADO
A8: 1 | B8: Hoja BIA | C8: Complete una fila por cada servidor o sistema TI del entorno. Use los IDs sugeridos (SRV-001, SRV-002...) o defina su propia nomenclatura. No deje en blanco las columnas de Criticidad, RTO, RPO ni Impacto.
A9: 2 | B9: Criticidad | C9: Seleccione del menú desplegable: 4-Crítico / 3-Alto / 2-Medio / 1-Bajo. Use la hoja 'Escalas de Referencia' para guiar la decisión. Ante la duda, clasifique hacia arriba (más crítico).
A10: 3 | B10: RTO y RPO | C10: Exprese en horas. El RTO es el tiempo máximo tolerable de inactividad. El RPO es la cantidad máxima de información que puede perderse. Ambos valores deben ser acordados con la Dirección, no definidos solo por TI.
A11: 4 | B11: Impacto (columnas M, N, O) | C11: Califique de 1 a 4 cada dimensión: Operativa (afectación a procesos), Económica (pérdidas o costos), Reputacional (daño ante clientes o terceros). El Índice de Impacto (col. P) se calcula automáticamente como el promedio de las tres.
A12: 5 | B12: Dependencias | C12: Documente qué sistemas dependen de este servidor y de cuáles depende él. Esta información es crítica para definir el orden de recuperación en el DRP.
A13: 6 | B13: Dashboard | C13: La hoja Dashboard se actualiza automáticamente. Úsela para presentar el resumen ejecutivo a la Dirección sin necesidad de compartir toda la hoja BIA.
A14: 7 | B14: Revisión periódica | C14: Actualice esta plantilla cada vez que se incorpore, retire o modifique un sistema crítico. Revísela obligatoriamente después de cada incidente mayor.
B16: ALINEACIÓN NIST CSF 2.0
B17: Función Responder (RS) | C17: Esta plantilla apoya directamente las categorías RS.AN (Análisis del incidente) y RS.MA (Gestión del incidente), al proporcionar la información de criticidad y dependencias necesaria para tomar decisiones de respuesta.
B18: Función Identificar (ID) | C18: La columna de función NIST CSF 2.0 en la hoja BIA vincula cada sistema con su categoría de gestión dentro del framework, facilitando la trazabilidad del inventario (ID.AM).
B20: REPOSITORIO | C20: Plantilla disponible en: github.com/MauricioVergaraMPC/ciberpymes
