Workbook

Sheet Registro KRI Moviles
A1: CIBERPROTECCIÓN PARA PyMES · Capítulo 12 — Dispositivos Móviles · Indicadores Clave de Riesgo (KRI)
A2: Plantilla 12.5 · Registro de Revisión Periódica · Versión 1.0
A3: Instrucciones: Registre el valor observado, el estado y la acción ejecutada en cada revisión. KRI-MOV-03 y KRI-MOV-05 son de alerta inmediata. KRI-MOV-01, 02 y 04: revisión semanal. KRI-MOV-06 y 07: revisión mensual.
A4: ID | B4: Descripción del indicador | C4: Umbral | D4: Frecuencia | E4: Valor observado | F4: Estado | G4: Fecha de revisión | H4: Responsable | I4: Acción ejecutada | J4: Observaciones
A5: INMEDIATA
A6: KRI-MOV-03 | B6: Dispositivos con perfil MDM eliminado o modificado | C6: Cualquier ocurrencia | D6: Inmediata | F6: Pendiente
A7: KRI-MOV-05 | B7: Dispositivos perdidos o robados sin wipe-out ejecutado | C7: Cualquier ocurrencia | D7: Inmediata | F7: Pendiente
F8: Pendiente
F9: Pendiente
F10: Pendiente
A11: SEMANAL
A12: KRI-MOV-01 | B12: Dispositivos con SO por debajo de la línea base | C12: > 5% de la flota | D12: Semanal | F12: Pendiente
A13: KRI-MOV-02 | B13: Dispositivos sin sincronización con consola MDM | C13: > 7 días sin contacto | D13: Semanal | F13: Pendiente
A14: KRI-MOV-04 | B14: Dispositivos con aplicaciones no autorizadas instaladas | C14: Cualquier ocurrencia | D14: Semanal | F14: Pendiente
F15: Pendiente
F16: Pendiente
F17: Pendiente
A18: MENSUAL
A19: KRI-MOV-06 | B19: Dispositivos BYOD activos sin acuerdo firmado | C19: Cualquier ocurrencia | D19: Mensual | F19: Pendiente
A20: KRI-MOV-07 | B20: Dispositivos con SO fuera de soporte del fabricante (EOL) | C20: Cualquier ocurrencia | D20: Mensual | F20: Pendiente
F21: Pendiente
F22: Pendiente
F23: Pendiente
A25: Ciberprotección para PyMES. Guía Práctica. · Plantilla 12.5 · github.com/MauricioVergaraMPC/ciberpymes / Capitulo_12

Sheet Dashboard
A1: CIBERPROTECCIÓN PARA PyMES · Capítulo 12 — Dispositivos Móviles · KRI Dashboard
A2: Estado de Indicadores Clave de Riesgo — Dispositivos Móviles
A3: Frecuencia | B3: Total KRI | C3: Pendiente | D3: En revisión | E3: Acción ejecutada | F3: Cerrado / N/A
A4: INMEDIATA | B4: =COUNTA('Registro KRI Moviles'!A6:A10)-COUNTIF('Registro KRI Moviles'!A6:A10,"") -> -1 | C4: =COUNTIF('Registro KRI Moviles'!F6:F10,"Pendiente") -> 5 | D4: =COUNTIF('Registro KRI Moviles'!F6:F10,"En revisión") -> 0 | E4: =COUNTIF('Registro KRI Moviles'!F6:F10,"Acción ejecutada") -> 0 | F4: =COUNTIF('Registro KRI Moviles'!F6:F10,"Cerrado") -> 0
A5: SEMANAL | B5: =COUNTA('Registro KRI Moviles'!A12:A17)-COUNTIF('Registro KRI Moviles'!A12:A17,"") -> 0 | C5: =COUNTIF('Registro KRI Moviles'!F12:F17,"Pendiente") -> 6 | D5: =COUNTIF('Registro KRI Moviles'!F12:F17,"En revisión") -> 0 | E5: =COUNTIF('Registro KRI Moviles'!F12:F17,"Acción ejecutada") -> 0 | F5: =COUNTIF('Registro KRI Moviles'!F12:F17,"Cerrado") -> 0
A6: MENSUAL | B6: =COUNTA('Registro KRI Moviles'!A19:A23)-COUNTIF('Registro KRI Moviles'!A19:A23,"") -> -1 | C6: =COUNTIF('Registro KRI Moviles'!F19:F23,"Pendiente") -> 5 | D6: =COUNTIF('Registro KRI Moviles'!F19:F23,"En revisión") -> 0 | E6: =COUNTIF('Registro KRI Moviles'!F19:F23,"Acción ejecutada") -> 0 | F6: =COUNTIF('Registro KRI Moviles'!F19:F23,"Cerrado") -> 0
A7: TOTAL GENERAL | B7: =SUM(B4:B6) -> -2 | C7: =SUM(C4:C6) -> 16 | D7: =SUM(D4:D6) -> 0 | E7: =SUM(E4:E6) -> 0 | F7: =SUM(F4:F6) -> 0
A9: Resumen por KRI
A10: KRI | B10: Descripción | C10: Umbral | D10: Frecuencia | E10: Último estado | F10: Última revisión
A11: KRI-MOV-01 | B11: Dispositivos con SO por debajo de la línea base | C11: > 5% flota | D11: Semanal | E11: =IFERROR(INDEX('Registro KRI Moviles'!F:F,MATCH("KRI-MOV-01",'Registro KRI Moviles'!A:A,0)),"Sin registro") -> Pendiente | F11: =IFERROR(INDEX('Registro KRI Moviles'!G:G,MATCH("KRI-MOV-01",'Registro KRI Moviles'!A:A,0)),"—") -> 0
A12: KRI-MOV-02 | B12: Dispositivos sin sincronización MDM | C12: > 7 días | D12: Semanal | E12: =IFERROR(INDEX('Registro KRI Moviles'!F:F,MATCH("KRI-MOV-02",'Registro KRI Moviles'!A:A,0)),"Sin registro") -> Pendiente | F12: =IFERROR(INDEX('Registro KRI Moviles'!G:G,MATCH("KRI-MOV-02",'Registro KRI Moviles'!A:A,0)),"—") -> 0
A13: KRI-MOV-03 | B13: Dispositivos con perfil MDM eliminado o modificado | C13: Cualquier | D13: Inmediata | E13: =IFERROR(INDEX('Registro KRI Moviles'!F:F,MATCH("KRI-MOV-03",'Registro KRI Moviles'!A:A,0)),"Sin registro") -> Pendiente | F13: =IFERROR(INDEX('Registro KRI Moviles'!G:G,MATCH("KRI-MOV-03",'Registro KRI Moviles'!A:A,0)),"—") -> 0
A14: KRI-MOV-04 | B14: Dispositivos con apps no autorizadas instaladas | C14: Cualquier | D14: Semanal | E14: =IFERROR(INDEX('Registro KRI Moviles'!F:F,MATCH("KRI-MOV-04",'Registro KRI Moviles'!A:A,0)),"Sin registro") -> Pendiente | F14: =IFERROR(INDEX('Registro KRI Moviles'!G:G,MATCH("KRI-MOV-04",'Registro KRI Moviles'!A:A,0)),"—") -> 0
A15: KRI-MOV-05 | B15: Dispositivos perdidos/robados sin wipe-out ejecutado | C15: Cualquier | D15: Inmediata | E15: =IFERROR(INDEX('Registro KRI Moviles'!F:F,MATCH("KRI-MOV-05",'Registro KRI Moviles'!A:A,0)),"Sin registro") -> Pendiente | F15: =IFERROR(INDEX('Registro KRI Moviles'!G:G,MATCH("KRI-MOV-05",'Registro KRI Moviles'!A:A,0)),"—") -> 0
A16: KRI-MOV-06 | B16: Dispositivos BYOD activos sin acuerdo firmado | C16: Cualquier | D16: Mensual | E16: =IFERROR(INDEX('Registro KRI Moviles'!F:F,MATCH("KRI-MOV-06",'Registro KRI Moviles'!A:A,0)),"Sin registro") -> Pendiente | F16: =IFERROR(INDEX('Registro KRI Moviles'!G:G,MATCH("KRI-MOV-06",'Registro KRI Moviles'!A:A,0)),"—") -> 0
A17: KRI-MOV-07 | B17: Dispositivos con SO EOL | C17: Cualquier | D17: Mensual | E17: =IFERROR(INDEX('Registro KRI Moviles'!F:F,MATCH("KRI-MOV-07",'Registro KRI Moviles'!A:A,0)),"Sin registro") -> Pendiente | F17: =IFERROR(INDEX('Registro KRI Moviles'!G:G,MATCH("KRI-MOV-07",'Registro KRI Moviles'!A:A,0)),"—") -> 0
A19: Ciberprotección para PyMES. Guía Práctica. · Plantilla 12.5 · github.com/MauricioVergaraMPC/ciberpymes / Capitulo_12
